-- phpMyAdmin SQL Dump
-- version 4.8.3
-- https://www.phpmyadmin.net/
--
-- Host: localhost
-- Generation Time: Feb 04, 2019 at 06:50 AM
-- Server version: 10.2.19-MariaDB
-- PHP Version: 7.1.25

SET SQL_MODE = "NO_AUTO_VALUE_ON_ZERO";
SET AUTOCOMMIT = 0;
START TRANSACTION;
SET time_zone = "+00:00";


/*!40101 SET @OLD_CHARACTER_SET_CLIENT=@@CHARACTER_SET_CLIENT */;
/*!40101 SET @OLD_CHARACTER_SET_RESULTS=@@CHARACTER_SET_RESULTS */;
/*!40101 SET @OLD_COLLATION_CONNECTION=@@COLLATION_CONNECTION */;
/*!40101 SET NAMES utf8mb4 */;

--
-- Database: `limoapp_db`
--

-- --------------------------------------------------------

--
-- Table structure for table `features`
--

CREATE TABLE `features` (
  `fea_id` int(11) NOT NULL,
  `fea_slug` varchar(255) NOT NULL,
  `fea_slug_spacail` varchar(255) DEFAULT NULL,
  `fea_use` text NOT NULL,
  `fea_status` tinyint(1) NOT NULL,
  `fea_custom_1` text NOT NULL
) ENGINE=InnoDB DEFAULT CHARSET=utf8;

--
-- Dumping data for table `features`
--

INSERT INTO `features` (`fea_id`, `fea_slug`, `fea_slug_spacail`, `fea_use`, `fea_status`, `fea_custom_1`) VALUES
(3, 'ads', 'ads-top', '20170424112819774.png', 0, ''),
(4, 'ads', 'ads-rec-a', '20180123032141693.jpg', 0, ''),
(5, 'ads', 'ads-bottom-player', '20170605080041723.gif', 1, '');

-- --------------------------------------------------------

--
-- Table structure for table `income`
--

CREATE TABLE `income` (
  `id` bigint(20) NOT NULL,
  `driver_id` int(11) NOT NULL,
  `pay_on` datetime NOT NULL,
  `pay_by` varchar(255) NOT NULL,
  `income` int(11) NOT NULL
) ENGINE=InnoDB DEFAULT CHARSET=utf8;

--
-- Dumping data for table `income`
--

INSERT INTO `income` (`id`, `driver_id`, `pay_on`, `pay_by`, `income`) VALUES
(1, 2, '2018-08-27 15:35:51', 'admin', 550),
(2, 2, '2018-08-27 15:36:38', 'admin', 2480),
(3, 2, '2018-12-24 18:57:01', 'admin', 10449);

-- --------------------------------------------------------

--
-- Table structure for table `login_log`
--

CREATE TABLE `login_log` (
  `id` bigint(20) NOT NULL,
  `user_id` int(11) NOT NULL,
  `last_login` datetime NOT NULL,
  `last_logout` datetime NOT NULL,
  `lat` varchar(255) DEFAULT NULL,
  `long` varchar(255) DEFAULT NULL
) ENGINE=InnoDB DEFAULT CHARSET=utf8;

--
-- Dumping data for table `login_log`
--

INSERT INTO `login_log` (`id`, `user_id`, `last_login`, `last_logout`, `lat`, `long`) VALUES
(1, 2, '2018-08-20 19:15:31', '2018-09-03 11:05:40', '20.779003', '21.779004'),
(2, 2, '2018-09-03 11:06:45', '2018-10-08 17:36:10', '13.750443', '100.539913'),
(3, 6, '2018-09-15 14:08:33', '2018-09-15 14:10:10', '13.779003', '13.779004'),
(4, 6, '2018-10-04 21:18:53', '2018-10-08 17:59:20', NULL, NULL),
(5, 7, '2018-10-08 16:36:29', '0000-00-00 00:00:00', '13.779003', '13.779004'),
(6, 8, '2018-10-08 17:12:34', '2018-10-08 17:15:00', NULL, NULL),
(7, 8, '2018-10-08 17:15:04', '2018-10-08 17:15:27', NULL, NULL),
(8, 8, '2018-10-08 17:15:38', '2018-10-08 17:15:45', NULL, NULL),
(9, 8, '2018-10-08 17:15:48', '2018-10-08 17:15:57', '13.7245951', '100.5110831'),
(10, 8, '2018-10-08 17:16:57', '2018-10-08 17:18:10', '13.779003', '13.779004'),
(11, 8, '2018-10-08 17:18:21', '2018-10-08 17:19:31', NULL, NULL),
(12, 8, '2018-10-08 17:19:33', '2018-10-08 17:20:58', '13.779003', '13.779004'),
(13, 8, '2018-10-08 17:20:59', '2018-10-16 22:33:56', '13.7245951', '100.5110831'),
(14, 2, '2018-10-08 17:36:12', '2018-10-08 17:54:43', '13.779003', '13.779004'),
(15, 2, '2018-10-08 17:54:53', '2018-10-08 17:59:40', '13.779003', '13.779004'),
(16, 6, '2018-10-08 17:59:30', '2018-10-09 01:31:36', '13.779003', '13.779004'),
(17, 2, '2018-10-08 17:59:47', '2018-10-08 18:00:45', '13.750443', '100.539913'),
(18, 2, '2018-10-08 18:01:07', '2018-10-08 18:01:18', '13.779003', '13.779004'),
(19, 6, '2018-10-09 01:31:51', '2018-10-09 01:38:06', NULL, NULL),
(20, 6, '2018-10-09 01:38:12', '2018-10-09 01:38:33', NULL, NULL),
(21, 6, '2018-10-09 01:38:38', '2018-10-09 01:39:20', NULL, NULL),
(22, 2, '2018-10-09 01:39:30', '2018-10-16 22:31:41', '13.779003', '13.779004'),
(23, 6, '2018-10-09 01:44:00', '2018-10-09 01:51:46', NULL, NULL),
(24, 6, '2018-10-09 01:52:08', '2018-10-09 01:52:22', '13.779003', '13.779004'),
(25, 6, '2018-10-09 01:52:37', '2018-10-09 01:57:29', '13.779003', '13.779004'),
(26, 6, '2018-10-09 01:57:31', '2018-10-09 01:57:59', NULL, NULL),
(27, 6, '2018-10-09 01:58:06', '2018-10-09 10:11:35', NULL, NULL),
(28, 6, '2018-10-09 10:11:39', '2018-10-09 10:11:43', '13.779003', '13.779004'),
(29, 9, '2018-10-16 22:23:54', '2018-10-16 22:33:59', '13.7245951', '100.5110831'),
(30, 2, '2018-10-16 22:31:42', '2018-10-20 03:34:52', '13.779003', '13.779004'),
(31, 9, '2018-10-16 22:34:04', '0000-00-00 00:00:00', '13.7158092', '100.4061879'),
(32, 11, '2018-10-19 23:02:18', '2018-10-19 23:07:09', NULL, NULL),
(33, 11, '2018-10-19 23:15:44', '2018-10-19 23:17:00', NULL, NULL),
(34, 11, '2018-10-19 23:17:24', '2018-10-19 23:20:01', '13.779003', '13.779004'),
(35, 11, '2018-10-19 23:20:05', '2018-10-19 23:21:00', NULL, NULL),
(36, 11, '2018-10-19 23:21:10', '2018-10-19 23:23:20', NULL, NULL),
(37, 11, '2018-10-19 23:23:31', '2018-10-19 23:24:02', NULL, NULL),
(38, 11, '2018-10-19 23:31:20', '2018-10-19 23:34:21', NULL, NULL),
(39, 11, '2018-10-19 23:34:24', '2018-10-19 23:36:32', NULL, NULL),
(40, 11, '2018-10-19 23:36:56', '2018-10-19 23:39:50', NULL, NULL),
(41, 11, '2018-10-19 23:39:59', '2018-10-19 23:44:09', NULL, NULL),
(42, 11, '2018-10-19 23:44:11', '2018-10-19 23:45:05', NULL, NULL),
(43, 11, '2018-10-19 23:46:55', '2018-10-19 23:48:26', '13.779003', '13.779004'),
(44, 11, '2018-10-19 23:48:44', '2018-10-19 23:50:30', '13.779003', '13.779004'),
(45, 11, '2018-10-19 23:50:45', '2018-10-19 23:52:43', '13.779003', '13.779004'),
(46, 11, '2018-10-19 23:53:37', '2018-10-19 23:55:31', '13.779003', '13.779004'),
(47, 11, '2018-10-19 23:55:45', '2018-10-19 23:56:29', NULL, NULL),
(48, 11, '2018-10-19 23:56:31', '2018-10-19 23:57:25', NULL, NULL),
(49, 11, '2018-10-19 23:57:28', '2018-10-19 23:58:10', NULL, NULL),
(50, 11, '2018-10-19 23:58:13', '2018-10-20 00:00:05', '13.779003', '13.779004'),
(51, 11, '2018-10-20 00:00:08', '2018-10-20 00:10:51', NULL, NULL),
(52, 11, '2018-10-20 00:10:56', '2018-10-20 02:12:02', '13.779003', '13.779004'),
(53, 11, '2018-10-20 02:12:10', '2018-10-20 02:17:34', '13.779003', '13.779004'),
(54, 11, '2018-10-20 02:18:04', '2018-10-20 03:38:57', '13.779003', '13.779004'),
(55, 2, '2018-10-20 03:34:54', '2018-10-20 03:36:12', '13.779003', '13.779004'),
(56, 2, '2018-10-20 03:36:29', '2018-10-20 03:57:42', '13.779003', '13.779004'),
(57, 11, '2018-10-20 03:38:59', '2018-10-20 03:56:20', '13.779003', '13.779004'),
(58, 11, '2018-10-20 03:56:33', '2018-10-20 03:57:09', '13.779003', '13.779004'),
(59, 2, '2018-10-20 03:57:44', '2018-10-20 03:58:09', '13.779003', '13.779004'),
(60, 2, '2018-10-20 03:58:25', '2018-10-20 04:02:02', '13.779003', '13.779004'),
(61, 11, '2018-10-20 04:02:18', '2018-10-20 04:05:16', '13.779003', '13.779004'),
(62, 2, '2018-10-20 04:05:31', '2018-10-20 04:05:40', '13.779003', '13.779004'),
(63, 6, '2018-10-20 04:06:22', '2018-10-20 04:06:53', '13.779003', '13.779004'),
(64, 2, '2018-10-20 11:13:05', '2018-10-22 11:23:59', '13.779003', '13.779004'),
(65, 2, '2018-10-22 11:44:52', '2018-10-22 11:52:17', '13.779003', '13.779004'),
(66, 11, '2018-10-22 14:22:13', '2018-10-22 14:30:04', '13.779003', '13.779004'),
(67, 11, '2018-10-22 18:05:13', '2018-10-23 14:31:40', '13.779003', '13.779004'),
(68, 2, '2018-10-23 14:31:56', '2018-10-23 15:46:15', '13.779003', '13.779004'),
(69, 14, '2018-10-23 15:57:57', '2018-10-23 16:13:39', '13.8132413', '100.5487092'),
(70, 16, '2018-10-23 16:20:00', '2018-10-23 16:20:31', '13.7646326', '100.643425'),
(71, 17, '2018-10-23 16:23:51', '2018-10-23 16:23:56', '13.8061003', '100.4183633'),
(72, 11, '2018-10-23 16:38:31', '2018-10-23 17:17:00', '13.779003', '13.779004'),
(73, 1, '2018-10-23 17:17:20', '2018-10-23 22:47:13', '13.779003', '13.779004'),
(74, 11, '2018-10-25 11:24:17', '2018-11-04 19:02:58', '13.779003', '13.779004'),
(75, 2, '2018-11-04 18:58:30', '2018-11-04 18:58:49', '13.779003', '13.779004'),
(76, 11, '2018-11-04 19:03:11', '2018-11-04 19:56:57', '13.779003', '13.779004'),
(77, 11, '2018-11-04 19:57:31', '2018-11-05 10:07:04', '13.779003', '13.779004'),
(78, 11, '2018-11-05 10:07:23', '2018-11-07 13:37:31', '13.779003', '13.779004'),
(79, 11, '2018-11-07 13:37:44', '2018-11-07 14:26:41', '13.779003', '13.779004'),
(80, 11, '2018-11-07 14:26:43', '2018-11-07 17:15:43', '13.779003', '13.779004'),
(81, 11, '2018-11-07 17:15:45', '2018-11-07 17:37:29', '13.779003', '13.779004'),
(82, 11, '2018-11-07 18:12:27', '2018-11-07 18:13:19', '13.779003', '13.779004'),
(83, 11, '2018-11-08 20:14:39', '2018-11-11 18:29:52', '13.779003', '13.779004'),
(84, 11, '2018-11-11 18:31:53', '2018-11-11 18:31:58', '13.779003', '13.779004'),
(85, 1, '2018-11-11 18:32:39', '2018-11-11 18:43:49', '13.779003', '13.779004'),
(86, 11, '2018-11-11 20:14:29', '2018-11-11 20:15:44', '13.779003', '13.779004'),
(87, 11, '2018-11-11 20:16:16', '2018-11-11 20:17:31', '13.779003', '13.779004'),
(88, 11, '2018-11-11 20:18:35', '2018-11-11 20:19:31', '13.779003', '13.779004'),
(89, 11, '2018-11-11 20:20:45', '2018-11-11 20:21:24', '13.779003', '13.779004'),
(90, 11, '2018-11-17 09:02:32', '2018-11-24 09:57:47', '13.779003', '13.779004'),
(91, 11, '2018-11-24 11:00:00', '2018-11-24 20:03:18', '13.779003', '13.779004'),
(92, 11, '2018-11-24 20:03:21', '2018-11-24 20:18:15', '13.779003', '13.779004'),
(93, 11, '2018-11-24 20:18:21', '2018-11-27 00:15:24', '13.779003', '13.779004'),
(94, 1, '2018-11-25 21:40:30', '2019-01-01 15:24:50', '13.779003', '13.779004'),
(95, 11, '2018-11-27 00:15:35', '2018-11-27 21:51:57', '13.779003', '13.779004'),
(96, 11, '2018-11-27 21:52:02', '2018-11-27 22:00:00', '13.779003', '13.779004'),
(97, 11, '2018-11-27 22:00:06', '2018-11-28 15:46:09', '13.779003', '13.779004'),
(98, 11, '2018-11-28 15:46:13', '2018-11-28 16:39:22', '13.779003', '13.779004'),
(99, 11, '2018-11-28 16:39:36', '2018-11-28 22:34:34', '13.779003', '13.779004'),
(100, 11, '2018-11-28 22:34:38', '2018-11-29 01:19:16', '13.779003', '13.779004'),
(101, 11, '2018-11-29 01:19:33', '2018-11-29 08:04:31', '13.779003', '13.779004'),
(102, 11, '2018-11-29 08:04:43', '2018-11-30 17:58:23', '13.779003', '13.779004'),
(103, 11, '2018-11-30 17:58:35', '2018-11-30 18:25:05', '13.779003', '13.779004'),
(104, 11, '2018-11-30 18:25:16', '2018-12-01 22:11:39', '13.779003', '13.779004'),
(105, 11, '2018-12-01 22:11:43', '2018-12-02 19:41:32', '13.779003', '13.779004'),
(106, 11, '2018-12-02 19:41:37', '2018-12-02 19:43:04', '13.779003', '13.779004'),
(107, 11, '2018-12-02 19:43:17', '2018-12-02 22:07:44', '13.779003', '13.779004'),
(108, 11, '2018-12-02 22:07:47', '2018-12-02 22:09:45', '13.779003', '13.779004'),
(109, 11, '2018-12-02 22:10:00', '2018-12-02 22:12:41', '13.779003', '13.779004'),
(110, 28, '2018-12-02 22:21:24', '0000-00-00 00:00:00', '13.779003', '13.779004'),
(111, 11, '2018-12-02 22:24:13', '2018-12-03 15:46:44', '13.779003', '13.779004'),
(112, 11, '2018-12-03 15:46:59', '2018-12-03 23:36:34', '13.779003', '13.779004'),
(113, 11, '2018-12-03 23:36:46', '2018-12-04 00:29:28', '13.779003', '13.779004'),
(114, 11, '2018-12-04 00:29:41', '2018-12-04 03:00:47', '13.779003', '13.779004'),
(115, 11, '2018-12-04 03:01:04', '2018-12-04 03:04:24', '13.779003', '13.779004'),
(116, 11, '2018-12-04 03:04:39', '2018-12-05 08:11:53', '13.779003', '13.779004'),
(117, 11, '2018-12-05 08:12:05', '2018-12-05 08:12:38', '13.779003', '13.779004'),
(118, 11, '2018-12-05 08:12:42', '2018-12-05 09:15:06', '13.779003', '13.779004'),
(119, 28, '2018-12-05 09:07:01', '2018-12-05 09:08:10', '13.779003', '13.779004'),
(120, 28, '2018-12-05 09:08:23', '2018-12-05 09:08:29', '13.779003', '13.779004'),
(121, 28, '2018-12-05 09:08:54', '2018-12-05 09:08:58', '13.779003', '13.779004'),
(122, 28, '2018-12-05 09:09:31', '2018-12-05 09:09:36', '13.779003', '13.779004'),
(123, 28, '2018-12-05 09:10:33', '2018-12-05 09:12:31', '13.779003', '13.779004'),
(124, 28, '2018-12-05 09:12:44', '2018-12-05 09:14:34', '13.779003', '13.779004'),
(125, 11, '2018-12-05 09:15:09', '2018-12-05 09:16:28', '13.779003', '13.779004'),
(126, 28, '2018-12-05 09:16:43', '2018-12-05 09:36:34', '13.779003', '13.779004'),
(127, 28, '2018-12-05 09:42:55', '2018-12-06 06:40:46', '13.779003', '13.779004'),
(128, 11, '2018-12-05 15:40:19', '2018-12-05 16:16:58', '13.779003', '13.779004'),
(129, 2, '2018-12-05 16:08:49', '2018-12-24 18:57:52', '13.779003', '13.779004'),
(130, 11, '2018-12-05 16:16:59', '2018-12-05 16:23:28', '13.779003', '13.779004'),
(131, 11, '2018-12-05 16:23:54', '2018-12-05 17:00:22', '13.779003', '13.779004'),
(132, 11, '2018-12-05 18:26:59', '2018-12-05 18:32:08', '13.779003', '13.779004'),
(133, 11, '2018-12-05 18:32:10', '2018-12-05 18:40:07', '13.779003', '13.779004'),
(134, 11, '2018-12-05 18:40:24', '2018-12-05 18:44:32', '13.779003', '13.779004'),
(135, 11, '2018-12-05 18:44:45', '2018-12-05 18:46:48', '13.779003', '13.779004'),
(136, 11, '2018-12-05 18:50:44', '2018-12-05 18:50:53', '13.779003', '13.779004'),
(137, 11, '2018-12-05 18:51:15', '2018-12-05 18:58:23', '13.7014292', '100.387945'),
(138, 11, '2018-12-05 19:01:06', '2018-12-05 19:01:30', '13.7014309', '100.3879459'),
(139, 11, '2018-12-05 19:16:02', '2018-12-05 19:16:08', '13.7014315', '100.3879455'),
(140, 11, '2018-12-05 19:16:43', '2018-12-05 19:17:23', '13.7014312', '100.3879466'),
(141, 11, '2018-12-05 19:28:04', '2018-12-05 19:28:30', '13.7014303', '100.3879464'),
(142, 11, '2018-12-05 19:30:45', '2018-12-05 19:31:14', '13.701431', '100.3879461'),
(143, 11, '2018-12-05 19:31:14', '2018-12-05 19:40:07', '13.7014425', '100.3879422'),
(144, 11, '2018-12-05 19:40:07', '2018-12-05 19:47:51', '13.7014302', '100.3879461'),
(145, 11, '2018-12-05 19:47:51', '2018-12-05 19:51:19', '13.7014292', '100.387945'),
(146, 11, '2018-12-05 20:01:15', '2018-12-05 20:03:55', '13.7014433', '100.3879425'),
(147, 11, '2018-12-05 20:03:56', '2018-12-05 20:11:46', '13.7014303', '100.3879466'),
(148, 11, '2018-12-05 20:11:46', '2018-12-05 20:16:00', '13.7014306', '100.387946'),
(149, 11, '2018-12-05 20:16:00', '2018-12-05 20:21:25', '13.7014314', '100.3879462'),
(150, 11, '2018-12-05 20:21:25', '2018-12-05 20:26:23', '13.7014314', '100.3879464'),
(151, 11, '2018-12-05 20:26:23', '2018-12-05 20:29:59', '13.7014304', '100.387946'),
(152, 11, '2018-12-05 20:30:00', '2018-12-05 20:31:44', '13.701442', '100.3879444'),
(153, 11, '2018-12-05 20:31:44', '2018-12-05 20:42:13', '13.7014306', '100.3879458'),
(154, 11, '2018-12-05 20:42:13', '2018-12-05 20:47:06', '13.7014315', '100.3879466'),
(155, 11, '2018-12-05 20:47:06', '2018-12-05 20:52:14', '13.7014432', '100.3879417'),
(156, 11, '2018-12-05 20:52:14', '2018-12-05 20:55:37', '13.7014308', '100.387946'),
(157, 11, '2018-12-05 20:55:37', '2018-12-05 20:58:21', '13.7014433', '100.3879427'),
(158, 11, '2018-12-05 20:58:21', '2018-12-05 21:00:02', '13.7014434', '100.3879418'),
(159, 11, '2018-12-05 21:00:02', '2018-12-05 21:02:17', '13.7014313', '100.3879456'),
(160, 11, '2018-12-05 21:02:17', '2018-12-05 21:04:50', '13.7014295', '100.3879454'),
(161, 11, '2018-12-05 21:04:50', '2018-12-05 21:06:33', '13.7014298', '100.3879467'),
(162, 11, '2018-12-05 21:06:33', '2018-12-05 21:14:39', '13.7014306', '100.3879467'),
(163, 11, '2018-12-05 21:14:39', '2018-12-05 21:39:53', '13.7014307', '100.3879466'),
(164, 11, '2018-12-05 21:39:53', '2018-12-05 23:09:01', '13.701431', '100.3879449'),
(165, 11, '2018-12-05 23:09:02', '2018-12-05 23:16:14', '13.7014307', '100.3879483'),
(166, 11, '2018-12-05 23:16:14', '2018-12-05 23:19:09', '13.7014305', '100.3879464'),
(167, 11, '2018-12-05 23:19:09', '2018-12-05 23:38:32', '13.7014298', '100.3879465'),
(168, 11, '2018-12-05 23:38:32', '2018-12-05 23:47:29', '13.7014307', '100.3879471'),
(169, 11, '2018-12-05 23:47:29', '2018-12-05 23:52:43', '13.7014304', '100.3879468'),
(170, 11, '2018-12-05 23:52:43', '2018-12-05 23:56:51', '13.7014298', '100.3879465'),
(171, 11, '2018-12-05 23:56:51', '2018-12-06 00:01:29', '13.7014315', '100.3879466'),
(172, 11, '2018-12-06 00:01:29', '2018-12-06 00:20:09', '13.7014314', '100.3879474'),
(173, 11, '2018-12-06 00:20:09', '2018-12-06 00:25:07', '13.7014313', '100.387946'),
(174, 11, '2018-12-06 00:25:07', '2018-12-06 00:30:41', '13.7014311', '100.387947'),
(175, 11, '2018-12-06 00:30:42', '2018-12-06 00:32:56', '13.7014319', '100.387945'),
(176, 11, '2018-12-06 00:32:56', '2018-12-06 00:35:52', '13.7014316', '100.3879472'),
(177, 11, '2018-12-06 00:35:52', '2018-12-06 00:55:51', '13.7014316', '100.3879463'),
(178, 11, '2018-12-06 00:55:51', '2018-12-06 01:03:27', '13.7014436', '100.3879434'),
(179, 11, '2018-12-06 01:03:27', '2018-12-06 01:11:12', '13.7014312', '100.3879472'),
(180, 11, '2018-12-06 01:33:21', '2018-12-06 01:35:12', '13.7014435', '100.3879427'),
(181, 11, '2018-12-06 01:35:12', '2018-12-06 01:36:24', '13.7014428', '100.3879543'),
(182, 11, '2018-12-06 01:36:25', '2018-12-06 01:37:41', '13.701443', '100.3879443'),
(183, 11, '2018-12-06 01:37:41', '2018-12-06 01:39:20', '13.7014433', '100.387943'),
(184, 11, '2018-12-06 01:39:20', '2018-12-06 01:42:29', '13.701432', '100.387945'),
(185, 11, '2018-12-06 01:42:30', '2018-12-06 01:44:18', '13.7014427', '100.3879427'),
(186, 11, '2018-12-06 01:44:19', '2018-12-06 01:58:21', '13.7014428', '100.3879432'),
(187, 11, '2018-12-06 01:58:21', '2018-12-07 22:53:26', '13.7014434', '100.3879428'),
(188, 28, '2018-12-06 06:40:51', '2018-12-06 06:41:15', '13.779003', '13.779004'),
(189, 28, '2018-12-06 06:41:15', '2018-12-06 06:48:25', '13.779003', '13.779004'),
(190, 28, '2018-12-06 06:48:25', '2018-12-06 06:49:42', '13.8051718', '100.4209955'),
(191, 28, '2018-12-06 06:49:53', '2018-12-06 11:21:56', '13.8051585', '100.4210034'),
(192, 28, '2018-12-06 11:23:50', '2018-12-06 15:55:24', '13.80497348', '100.42115932'),
(193, 28, '2018-12-06 15:55:24', '2018-12-07 12:27:02', '13.7450628', '100.5394779'),
(194, 28, '2018-12-07 12:27:03', '2018-12-07 12:27:28', '13.745386', '100.5393383'),
(195, 28, '2018-12-07 12:27:28', '2018-12-08 09:01:44', '13.7458573', '100.5399831'),
(196, 11, '2018-12-07 22:53:27', '2018-12-07 22:56:47', '13.7014636', '100.3879622'),
(197, 11, '2018-12-07 22:56:47', '2018-12-07 23:00:01', '13.7014619', '100.3879758'),
(198, 11, '2018-12-07 23:00:01', '2018-12-07 23:02:40', '13.7014633', '100.3879762'),
(199, 11, '2018-12-07 23:02:40', '2018-12-07 23:10:29', '13.7014639', '100.3879643'),
(200, 11, '2018-12-07 23:10:29', '2018-12-07 23:35:07', '13.701463', '100.3879761'),
(201, 11, '2018-12-07 23:35:08', '2018-12-07 23:43:45', '13.701455', '100.3879628'),
(202, 11, '2018-12-07 23:43:45', '2018-12-07 23:55:58', '13.7014627', '100.3879755'),
(203, 11, '2018-12-07 23:55:58', '2018-12-08 00:02:22', '13.7014624', '100.3879754'),
(204, 11, '2018-12-08 00:02:22', '2018-12-08 00:04:56', '13.7014632', '100.3879637'),
(205, 11, '2018-12-08 00:04:56', '2018-12-08 00:07:45', '13.7014627', '100.3879739'),
(206, 11, '2018-12-08 00:07:45', '2018-12-08 00:13:49', '13.701463', '100.3879757'),
(207, 11, '2018-12-08 00:13:49', '2018-12-08 00:18:21', '13.7014622', '100.3879752'),
(208, 11, '2018-12-08 00:18:21', '2018-12-08 00:19:34', '13.7014537', '100.3879641'),
(209, 11, '2018-12-08 00:19:34', '2018-12-08 00:25:15', '13.7014629', '100.3879757'),
(210, 11, '2018-12-08 00:25:15', '2018-12-08 00:28:22', '13.7014619', '100.3879751'),
(211, 11, '2018-12-08 00:28:22', '2018-12-08 00:32:17', '13.7014625', '100.3879757'),
(212, 11, '2018-12-08 00:32:17', '2018-12-08 00:37:11', '13.7014625', '100.387977'),
(213, 11, '2018-12-08 00:37:11', '2018-12-08 00:39:19', '13.7014549', '100.387964'),
(214, 11, '2018-12-08 00:39:19', '2018-12-08 00:42:09', '13.7014625', '100.3879755'),
(215, 11, '2018-12-08 00:42:09', '2018-12-08 00:43:28', '13.7014542', '100.3879635'),
(216, 11, '2018-12-08 00:43:29', '2018-12-08 00:44:48', '13.701454', '100.387965'),
(217, 11, '2018-12-08 00:44:48', '2018-12-08 00:48:53', '13.7014631', '100.3879755'),
(218, 11, '2018-12-08 00:48:53', '2018-12-08 00:51:27', '13.7014627', '100.3879754'),
(219, 11, '2018-12-08 00:51:27', '2018-12-08 00:57:37', '13.7014627', '100.3879754'),
(220, 11, '2018-12-08 00:57:37', '2018-12-08 01:00:39', '13.7014626', '100.3879762'),
(221, 11, '2018-12-08 01:00:39', '2018-12-08 01:03:33', '13.7014626', '100.3879756'),
(222, 11, '2018-12-08 01:03:33', '2018-12-08 01:05:30', '13.7014624', '100.3879759'),
(223, 11, '2018-12-08 01:05:30', '2018-12-08 01:08:48', '13.7014624', '100.3879759'),
(224, 11, '2018-12-08 01:08:48', '2018-12-08 01:10:54', '13.7014546', '100.3879636'),
(225, 11, '2018-12-08 01:10:54', '2018-12-08 01:28:58', '13.7014545', '100.3879636'),
(226, 11, '2018-12-08 01:28:58', '2018-12-08 02:04:59', '13.7014549', '100.3879632'),
(227, 11, '2018-12-08 02:04:59', '2018-12-08 02:15:27', '13.7014625', '100.3879759'),
(228, 11, '2018-12-08 02:15:27', '2018-12-08 02:24:12', '13.7014544', '100.3879636'),
(229, 11, '2018-12-08 02:25:30', '2018-12-08 02:27:08', '13.7014624', '100.3879752'),
(230, 11, '2018-12-08 02:27:08', '2018-12-08 02:29:25', '13.7014549', '100.3879633'),
(231, 11, '2018-12-08 02:29:25', '2018-12-08 02:31:44', '13.7014626', '100.387975'),
(232, 11, '2018-12-08 02:31:57', '2018-12-08 02:34:43', '13.7014544', '100.3879633'),
(233, 11, '2018-12-08 02:38:35', '2018-12-08 02:40:29', '13.7014627', '100.3879756'),
(234, 11, '2018-12-08 02:44:33', '2018-12-08 12:23:55', '13.7014538', '100.3879654'),
(235, 28, '2018-12-08 09:01:47', '2018-12-09 14:22:38', '13.779003', '13.779004'),
(236, 11, '2018-12-08 12:24:14', '2018-12-08 19:49:26', '13.7014632', '100.3879637'),
(237, 6, '2018-12-08 19:49:03', '2018-12-08 19:50:13', '13.779003', '13.779004'),
(238, 6, '2018-12-08 19:50:15', '2018-12-08 22:39:38', '13.779003', '13.779004'),
(239, 6, '2018-12-08 22:39:38', '2018-12-08 22:53:13', '13.7014304', '100.3879472'),
(240, 6, '2018-12-08 22:53:13', '2018-12-08 22:58:13', '13.7014299', '100.387946'),
(241, 6, '2018-12-08 22:58:13', '2018-12-08 23:08:14', '13.70143', '100.3879447'),
(242, 6, '2018-12-08 23:08:14', '2018-12-08 23:11:29', '13.70143', '100.3879454'),
(243, 6, '2018-12-08 23:11:29', '2018-12-08 23:20:04', '13.7014293', '100.3879459'),
(244, 6, '2018-12-08 23:20:04', '2018-12-08 23:39:21', '13.7014339', '100.3879324'),
(245, 6, '2018-12-08 23:39:21', '2018-12-08 23:50:02', '13.7014535', '100.3879625'),
(246, 6, '2018-12-08 23:50:02', '2018-12-08 23:53:25', '13.7014289', '100.3879463'),
(247, 6, '2018-12-08 23:53:25', '2018-12-08 23:56:29', '13.7014346', '100.3879341'),
(248, 6, '2018-12-08 23:56:29', '2018-12-09 00:02:37', '13.7014298', '100.3879455'),
(249, 6, '2018-12-09 00:02:37', '2018-12-09 00:06:34', '13.7014349', '100.3879336'),
(250, 6, '2018-12-09 00:06:34', '2018-12-09 00:09:08', '13.7014304', '100.3879466'),
(251, 6, '2018-12-09 00:09:08', '2018-12-09 00:11:17', '13.7014424', '100.3879426'),
(252, 6, '2018-12-09 00:11:17', '2018-12-09 00:18:03', '13.7014355', '100.3879348'),
(253, 6, '2018-12-09 00:18:03', '2018-12-09 00:22:06', '13.7014307', '100.3879451'),
(254, 6, '2018-12-09 00:22:06', '2018-12-09 00:42:52', '13.701435', '100.3879333'),
(255, 6, '2018-12-09 00:42:53', '2018-12-09 00:48:32', '13.70143', '100.387947'),
(256, 6, '2018-12-09 00:48:32', '2018-12-09 00:51:22', '13.7014315', '100.3879459'),
(257, 6, '2018-12-09 00:51:22', '2018-12-09 00:55:10', '13.701431', '100.3879451'),
(258, 6, '2018-12-09 00:55:10', '2018-12-09 00:56:42', '13.7014297', '100.3879456'),
(259, 6, '2018-12-09 00:56:42', '2018-12-09 01:02:46', '13.70143', '100.3879468'),
(260, 6, '2018-12-09 01:02:46', '2018-12-09 01:04:43', '13.7014424', '100.3879426'),
(261, 6, '2018-12-09 01:04:44', '2018-12-09 01:08:11', '13.7014298', '100.3879468'),
(262, 6, '2018-12-09 01:08:11', '2018-12-09 01:10:19', '13.7014305', '100.3879473'),
(263, 6, '2018-12-09 01:10:20', '2018-12-09 01:11:55', '13.7014305', '100.3879471'),
(264, 6, '2018-12-09 01:11:55', '2018-12-09 01:14:32', '13.7014425', '100.3879428'),
(265, 6, '2018-12-09 01:14:32', '2018-12-09 01:16:31', '13.7014423', '100.3879424'),
(266, 6, '2018-12-09 01:16:31', '2018-12-09 01:46:12', '13.7014423', '100.3879422'),
(267, 6, '2018-12-09 01:46:13', '2018-12-09 01:51:25', '13.70143', '100.3879465'),
(268, 6, '2018-12-09 01:51:25', '2018-12-09 01:52:45', '13.7014304', '100.3879455'),
(269, 6, '2018-12-09 01:52:46', '2018-12-09 02:00:45', '13.7014304', '100.3879469'),
(270, 6, '2018-12-09 02:00:45', '2018-12-09 02:03:54', '13.7014302', '100.3879463'),
(271, 6, '2018-12-09 02:04:12', '2018-12-09 02:09:02', '13.779003', '13.779004'),
(272, 6, '2018-12-09 02:09:05', '2018-12-09 02:12:44', '13.779003', '13.779004'),
(273, 6, '2018-12-09 02:12:44', '2018-12-09 02:13:02', '13.7014428', '100.387943'),
(274, 6, '2018-12-09 02:13:16', '2018-12-09 02:17:13', '13.7014343', '100.3879342'),
(275, 6, '2018-12-09 02:17:13', '2018-12-09 02:17:26', '13.7014304', '100.3879464'),
(276, 6, '2018-12-09 02:17:39', '2018-12-09 02:18:47', '13.7014421', '100.3879543'),
(277, 6, '2018-12-09 02:18:47', '2018-12-09 02:24:42', '13.779003', '13.779004'),
(278, 6, '2018-12-09 02:24:42', '2018-12-09 02:28:09', '13.779003', '13.779004'),
(279, 6, '2018-12-09 02:28:09', '2018-12-09 02:29:17', '13.779003', '13.779004'),
(280, 6, '2018-12-09 02:29:17', '2018-12-09 02:29:45', '13.779003', '13.779004'),
(281, 6, '2018-12-09 02:29:45', '2018-12-09 02:30:13', '13.779003', '13.779004'),
(282, 6, '2018-12-09 02:30:13', '2018-12-09 02:30:32', '13.779003', '13.779004'),
(283, 6, '2018-12-09 02:30:32', '2018-12-09 02:37:27', '13.779003', '13.779004'),
(284, 6, '2018-12-09 02:37:27', '2018-12-09 02:43:07', '13.779003', '13.779004'),
(285, 6, '2018-12-09 02:43:07', '2018-12-09 02:45:52', '13.779003', '13.779004'),
(286, 6, '2018-12-09 02:45:52', '2018-12-09 02:46:26', '13.779003', '13.779004'),
(287, 6, '2018-12-09 02:46:26', '2018-12-09 02:48:20', '13.779003', '13.779004'),
(288, 6, '2018-12-09 02:48:20', '2018-12-09 02:49:23', '13.779003', '13.779004'),
(289, 6, '2018-12-09 02:49:23', '2018-12-09 02:50:36', '13.779003', '13.779004'),
(290, 6, '2018-12-09 02:50:36', '2018-12-09 02:51:30', '13.779003', '13.779004'),
(291, 6, '2018-12-09 02:51:31', '2018-12-09 02:52:17', '13.779003', '13.779004'),
(292, 6, '2018-12-09 02:52:17', '2018-12-09 02:52:42', '13.779003', '13.779004'),
(293, 6, '2018-12-09 02:52:42', '2018-12-09 02:53:12', '13.779003', '13.779004'),
(294, 6, '2018-12-09 02:53:12', '2018-12-09 02:53:55', '13.779003', '13.779004'),
(295, 6, '2018-12-09 02:53:55', '2018-12-09 02:54:21', '13.779003', '13.779004'),
(296, 6, '2018-12-09 02:54:21', '2018-12-09 02:58:18', '13.779003', '13.779004'),
(297, 6, '2018-12-09 02:58:18', '2018-12-09 02:58:35', '13.779003', '13.779004'),
(298, 6, '2018-12-09 02:58:35', '2018-12-09 03:01:36', '13.779003', '13.779004'),
(299, 6, '2018-12-09 03:01:36', '2018-12-09 03:01:57', '13.779003', '13.779004'),
(300, 6, '2018-12-09 03:01:57', '2018-12-09 03:02:20', '13.779003', '13.779004'),
(301, 6, '2018-12-09 03:02:20', '2018-12-09 03:04:10', '13.779003', '13.779004'),
(302, 6, '2018-12-09 03:04:10', '2018-12-09 03:04:50', '13.779003', '13.779004'),
(303, 6, '2018-12-09 03:04:50', '2018-12-09 03:06:17', '13.779003', '13.779004'),
(304, 6, '2018-12-09 03:06:17', '2018-12-09 03:06:52', '13.779003', '13.779004'),
(305, 6, '2018-12-09 03:06:52', '2018-12-09 03:07:19', '13.779003', '13.779004'),
(306, 6, '2018-12-09 03:07:19', '2018-12-09 03:07:54', '13.779003', '13.779004'),
(307, 6, '2018-12-09 03:07:55', '2018-12-09 03:08:35', '13.779003', '13.779004'),
(308, 6, '2018-12-09 03:08:35', '2018-12-09 03:09:23', '13.779003', '13.779004'),
(309, 6, '2018-12-09 03:09:23', '2018-12-09 03:09:39', '13.779003', '13.779004'),
(310, 6, '2018-12-09 03:09:39', '2018-12-09 03:10:04', '13.779003', '13.779004'),
(311, 6, '2018-12-09 03:10:05', '2018-12-09 03:10:47', '13.779003', '13.779004'),
(312, 6, '2018-12-09 03:10:47', '2018-12-09 03:12:47', '13.779003', '13.779004'),
(313, 6, '2018-12-09 03:12:47', '2018-12-09 03:13:05', '13.779003', '13.779004'),
(314, 6, '2018-12-09 03:13:05', '2018-12-09 03:14:49', '13.779003', '13.779004'),
(315, 6, '2018-12-09 03:14:49', '2018-12-09 03:15:08', '13.779003', '13.779004'),
(316, 6, '2018-12-09 03:15:08', '2018-12-09 03:15:26', '13.779003', '13.779004'),
(317, 6, '2018-12-09 03:15:26', '2018-12-09 03:18:56', '13.779003', '13.779004'),
(318, 6, '2018-12-09 03:18:56', '2018-12-09 03:19:25', '13.779003', '13.779004'),
(319, 6, '2018-12-09 03:19:25', '2018-12-09 03:20:30', '13.779003', '13.779004'),
(320, 6, '2018-12-09 03:20:30', '2018-12-09 03:21:29', '13.779003', '13.779004'),
(321, 6, '2018-12-09 03:21:30', '2018-12-09 03:21:51', '13.779003', '13.779004'),
(322, 6, '2018-12-09 03:21:51', '2018-12-09 03:22:12', '13.779003', '13.779004'),
(323, 6, '2018-12-09 03:22:12', '2018-12-09 03:22:43', '13.779003', '13.779004'),
(324, 6, '2018-12-09 03:22:43', '2018-12-09 03:22:52', '13.779003', '13.779004'),
(325, 6, '2018-12-09 03:22:52', '2018-12-09 03:23:18', '13.779003', '13.779004'),
(326, 6, '2018-12-09 03:23:18', '2018-12-09 03:23:38', '13.779003', '13.779004'),
(327, 6, '2018-12-09 03:23:38', '2018-12-09 03:23:53', '13.779003', '13.779004'),
(328, 6, '2018-12-09 03:23:53', '2018-12-09 03:24:05', '13.779003', '13.779004'),
(329, 6, '2018-12-09 03:24:06', '2018-12-09 03:26:00', '13.779003', '13.779004'),
(330, 6, '2018-12-09 03:26:00', '2018-12-09 03:26:24', '13.779003', '13.779004'),
(331, 6, '2018-12-09 03:26:24', '2018-12-09 03:27:57', '13.779003', '13.779004'),
(332, 6, '2018-12-09 03:27:57', '2018-12-09 03:28:00', '13.779003', '13.779004'),
(333, 6, '2018-12-09 03:28:00', '2018-12-09 03:30:36', '13.779003', '13.779004'),
(334, 6, '2018-12-09 03:30:37', '2018-12-09 03:31:56', '13.779003', '13.779004'),
(335, 6, '2018-12-09 03:31:56', '2018-12-09 03:32:40', '13.779003', '13.779004'),
(336, 6, '2018-12-09 03:32:40', '2018-12-09 03:41:08', '13.779003', '13.779004'),
(337, 6, '2018-12-09 03:41:09', '2018-12-09 03:46:47', '13.779003', '13.779004'),
(338, 6, '2018-12-09 03:46:47', '2018-12-09 03:47:19', '13.779003', '13.779004'),
(339, 6, '2018-12-09 03:47:19', '2018-12-09 03:48:38', '13.779003', '13.779004'),
(340, 6, '2018-12-09 03:48:38', '2018-12-09 03:49:01', '13.779003', '13.779004'),
(341, 6, '2018-12-09 03:49:01', '2018-12-09 03:52:25', '13.779003', '13.779004'),
(342, 6, '2018-12-09 03:52:25', '2018-12-09 03:53:53', '13.779003', '13.779004'),
(343, 6, '2018-12-09 03:53:53', '2018-12-09 04:13:14', '13.7014424', '100.3879422'),
(344, 6, '2018-12-09 04:13:14', '2018-12-09 11:20:06', '13.701436', '100.387934'),
(345, 6, '2018-12-09 11:20:06', '2018-12-09 11:23:30', '13.7014346', '100.3879336'),
(346, 6, '2018-12-09 11:23:31', '2018-12-09 11:24:46', '13.7014296', '100.3879458'),
(347, 6, '2018-12-09 11:24:47', '2018-12-09 11:25:26', '13.779003', '13.779004'),
(348, 6, '2018-12-09 11:25:27', '2018-12-09 11:32:04', '13.779003', '13.779004'),
(349, 6, '2018-12-09 11:32:04', '2018-12-09 11:35:28', '13.779003', '13.779004'),
(350, 6, '2018-12-09 11:35:29', '2018-12-09 11:36:32', '13.779003', '13.779004'),
(351, 6, '2018-12-09 11:36:35', '2018-12-09 11:37:15', '13.779003', '13.779004'),
(352, 6, '2018-12-09 11:37:15', '2018-12-09 11:37:27', '13.779003', '13.779004'),
(353, 6, '2018-12-09 11:37:28', '2018-12-09 11:37:41', '13.779003', '13.779004'),
(354, 6, '2018-12-09 11:37:41', '2018-12-09 11:40:16', '13.779003', '13.779004'),
(355, 6, '2018-12-09 11:40:16', '2018-12-09 11:40:36', '13.779003', '13.779004'),
(356, 6, '2018-12-09 11:40:36', '2018-12-09 11:41:03', '13.779003', '13.779004'),
(357, 6, '2018-12-09 11:41:03', '2018-12-09 11:42:28', '13.779003', '13.779004'),
(358, 6, '2018-12-09 11:42:28', '2018-12-09 11:43:10', '13.779003', '13.779004'),
(359, 6, '2018-12-09 11:43:10', '2018-12-09 11:43:17', '13.779003', '13.779004'),
(360, 6, '2018-12-09 11:43:17', '2018-12-09 11:43:46', '13.779003', '13.779004'),
(361, 6, '2018-12-09 11:43:46', '2018-12-09 11:44:26', '13.779003', '13.779004'),
(362, 6, '2018-12-09 11:44:27', '2018-12-09 11:45:29', '13.779003', '13.779004'),
(363, 6, '2018-12-09 11:45:29', '2018-12-09 11:52:56', '13.779003', '13.779004'),
(364, 6, '2018-12-09 11:52:56', '2018-12-09 11:54:21', '13.779003', '13.779004'),
(365, 6, '2018-12-09 11:54:21', '2018-12-09 11:55:39', '13.779003', '13.779004'),
(366, 6, '2018-12-09 11:55:39', '2018-12-09 11:57:34', '13.779003', '13.779004'),
(367, 6, '2018-12-09 11:57:34', '2018-12-09 11:59:25', '13.779003', '13.779004'),
(368, 6, '2018-12-09 11:59:25', '2018-12-09 12:00:43', '13.779003', '13.779004'),
(369, 6, '2018-12-09 12:00:44', '2018-12-09 12:00:58', '13.779003', '13.779004'),
(370, 6, '2018-12-09 12:00:58', '2018-12-09 12:07:38', '13.779003', '13.779004'),
(371, 6, '2018-12-09 12:07:39', '2018-12-09 12:08:10', '13.779003', '13.779004'),
(372, 6, '2018-12-09 12:08:10', '2018-12-09 12:09:33', '13.779003', '13.779004'),
(373, 6, '2018-12-09 12:09:33', '2018-12-09 12:11:45', '13.779003', '13.779004'),
(374, 6, '2018-12-09 12:11:45', '2018-12-09 12:12:11', '13.779003', '13.779004'),
(375, 6, '2018-12-09 12:12:11', '2018-12-09 12:16:56', '13.779003', '13.779004'),
(376, 6, '2018-12-09 12:16:56', '2018-12-09 12:20:04', '13.779003', '13.779004'),
(377, 6, '2018-12-09 12:20:04', '2018-12-09 12:20:10', '13.779003', '13.779004'),
(378, 6, '2018-12-09 12:20:10', '2018-12-09 12:22:52', '13.779003', '13.779004'),
(379, 6, '2018-12-09 12:22:52', '2018-12-09 12:24:42', '13.779003', '13.779004'),
(380, 6, '2018-12-09 12:24:43', '2018-12-09 12:25:46', '13.779003', '13.779004'),
(381, 6, '2018-12-09 12:25:46', '2018-12-09 12:26:49', '13.779003', '13.779004'),
(382, 6, '2018-12-09 12:26:49', '2018-12-09 12:27:26', '13.779003', '13.779004'),
(383, 6, '2018-12-09 12:27:26', '2018-12-09 12:29:32', '13.779003', '13.779004'),
(384, 6, '2018-12-09 12:29:32', '2018-12-09 12:29:59', '13.779003', '13.779004'),
(385, 6, '2018-12-09 12:29:59', '2018-12-09 12:30:18', '13.779003', '13.779004'),
(386, 6, '2018-12-09 12:30:18', '2018-12-09 12:31:28', '13.779003', '13.779004'),
(387, 6, '2018-12-09 12:31:28', '2018-12-09 12:34:32', '13.779003', '13.779004'),
(388, 6, '2018-12-09 12:34:33', '2018-12-09 12:39:20', '13.779003', '13.779004'),
(389, 6, '2018-12-09 12:39:20', '2018-12-09 12:40:37', '13.779003', '13.779004'),
(390, 6, '2018-12-09 12:40:37', '2018-12-09 12:41:04', '13.779003', '13.779004'),
(391, 6, '2018-12-09 12:41:05', '2018-12-09 12:42:47', '13.779003', '13.779004'),
(392, 6, '2018-12-09 12:42:48', '2018-12-09 12:46:34', '13.7014346', '100.3879335'),
(393, 6, '2018-12-09 12:46:34', '2018-12-09 12:55:55', '13.7014429', '100.3879423'),
(394, 6, '2018-12-09 12:55:55', '2018-12-09 13:17:50', '13.7014348', '100.3879336'),
(395, 6, '2018-12-09 13:17:50', '2018-12-09 15:53:35', '13.7014349', '100.387934'),
(396, 28, '2018-12-09 14:22:39', '2018-12-09 22:40:18', '13.80509322', '100.42104418'),
(397, 6, '2018-12-09 15:53:35', '2018-12-09 15:56:19', '13.701422', '100.387941'),
(398, 6, '2018-12-09 15:56:20', '2018-12-09 16:09:23', '13.701451', '100.3879372'),
(399, 6, '2018-12-09 16:09:24', '2018-12-09 16:10:45', '13.7014426', '100.3879413'),
(400, 6, '2018-12-09 16:10:45', '2018-12-09 16:20:48', '13.7014426', '100.3879535'),
(401, 6, '2018-12-09 16:20:48', '2018-12-09 16:22:39', '13.7014425', '100.3879399'),
(402, 6, '2018-12-09 16:22:39', '2018-12-09 16:24:51', '13.7014426', '100.3879536'),
(403, 6, '2018-12-09 16:24:51', '2018-12-09 16:26:41', '13.7014422', '100.3879409'),
(404, 6, '2018-12-09 16:26:41', '2018-12-09 16:27:52', '13.7014425', '100.3879412'),
(405, 6, '2018-12-09 16:27:53', '2018-12-09 16:37:27', '13.7014542', '100.3879617'),
(406, 6, '2018-12-09 16:37:27', '2018-12-09 16:39:20', '13.7014429', '100.3879408'),
(407, 6, '2018-12-09 16:39:20', '2018-12-09 16:40:33', '13.7014425', '100.3879542'),
(408, 6, '2018-12-09 16:40:34', '2018-12-09 16:51:36', '13.7014422', '100.3879535'),
(409, 6, '2018-12-09 16:51:36', '2018-12-09 16:55:25', '13.7014423', '100.387941'),
(410, 6, '2018-12-09 16:55:25', '2018-12-09 16:57:05', '13.7014408', '100.3879537'),
(411, 6, '2018-12-09 16:57:05', '2018-12-09 17:00:24', '13.7014409', '100.3879539'),
(412, 6, '2018-12-09 17:00:24', '2018-12-09 17:02:22', '13.7014545', '100.3879597'),
(413, 6, '2018-12-09 17:02:22', '2018-12-09 17:03:45', '13.7014539', '100.3879603'),
(414, 6, '2018-12-09 17:03:46', '2018-12-09 17:05:08', '13.7014419', '100.3879533'),
(415, 6, '2018-12-09 17:05:08', '2018-12-09 17:06:53', '13.7014419', '100.3879533'),
(416, 6, '2018-12-09 17:06:53', '2018-12-09 17:08:49', '13.701442', '100.3879541'),
(417, 6, '2018-12-09 17:08:49', '2018-12-09 17:11:00', '13.7014306', '100.3879464'),
(418, 6, '2018-12-09 17:11:00', '2018-12-09 17:12:19', '13.7014588', '100.387949'),
(419, 6, '2018-12-09 17:12:19', '2018-12-09 17:13:42', '13.7014504', '100.3879487'),
(420, 6, '2018-12-09 17:13:42', '2018-12-09 17:15:16', '13.7014505', '100.3879493'),
(421, 6, '2018-12-09 17:15:16', '2018-12-09 17:16:44', '13.7014537', '100.3879609'),
(422, 6, '2018-12-09 17:16:44', '2018-12-09 17:21:17', '13.7014425', '100.3879416'),
(423, 6, '2018-12-09 17:21:17', '2018-12-09 17:23:00', '13.7014425', '100.3879421'),
(424, 6, '2018-12-09 17:23:01', '2018-12-09 17:24:21', '13.701442', '100.3879528'),
(425, 6, '2018-12-09 17:24:21', '2018-12-09 17:28:04', '13.7014426', '100.3879409'),
(426, 6, '2018-12-09 17:28:04', '2018-12-09 17:29:56', '13.7014344', '100.387933'),
(427, 6, '2018-12-09 17:29:56', '2018-12-09 17:40:05', '13.7014346', '100.3879341'),
(428, 6, '2018-12-09 17:40:05', '2018-12-09 17:47:25', '13.7014351', '100.3879332'),
(429, 6, '2018-12-09 17:47:25', '2018-12-09 17:49:14', '13.7014435', '100.3879423'),
(430, 6, '2018-12-09 17:49:14', '2018-12-09 17:51:03', '13.701459', '100.3879495'),
(431, 6, '2018-12-09 17:51:03', '2018-12-09 17:54:55', '13.7014426', '100.3879546'),
(432, 6, '2018-12-09 17:54:55', '2018-12-09 17:58:25', '13.7014543', '100.3879619'),
(433, 6, '2018-12-09 17:58:25', '2018-12-09 18:05:37', '13.7014431', '100.3879425'),
(434, 6, '2018-12-09 18:05:37', '2018-12-09 18:10:19', '13.7014424', '100.3879414'),
(435, 6, '2018-12-09 18:10:19', '2018-12-09 18:12:10', '13.7014428', '100.3879407'),
(436, 6, '2018-12-09 18:12:10', '2018-12-09 18:24:11', '13.7014629', '100.3879403'),
(437, 11, '2018-12-09 18:24:22', '2018-12-09 18:26:31', '13.7014298', '100.3879443'),
(438, 6, '2018-12-09 18:34:53', '2018-12-09 18:35:01', '13.7014415', '100.387953'),
(439, 11, '2018-12-09 18:35:15', '2018-12-09 18:42:46', '13.7014347', '100.3879316'),
(440, 6, '2018-12-09 18:42:59', '2018-12-09 19:12:57', '13.7014346', '100.3879319'),
(441, 6, '2018-12-09 19:12:57', '2018-12-09 19:14:05', '13.701435', '100.3879332'),
(442, 11, '2018-12-09 19:14:16', '2018-12-09 19:22:47', '13.7014424', '100.3879403'),
(443, 11, '2018-12-09 19:22:47', '2018-12-09 19:28:23', '13.7014429', '100.3879407'),
(444, 11, '2018-12-09 19:28:23', '2018-12-09 19:34:05', '13.7014423', '100.387941'),
(445, 11, '2018-12-09 19:34:05', '2018-12-09 23:38:39', '13.7014422', '100.3879412'),
(446, 28, '2018-12-09 22:40:18', '2018-12-09 23:15:44', '13.80497242', '100.42116018'),
(447, 28, '2018-12-09 23:15:45', '2018-12-09 23:17:03', '13.80508705', '100.42106703'),
(448, 28, '2018-12-09 23:17:03', '2018-12-09 23:19:12', '13.8051552', '100.4210047'),
(449, 28, '2018-12-09 23:19:14', '2018-12-09 23:21:09', '13.779003', '13.779004'),
(450, 28, '2018-12-09 23:21:10', '2018-12-09 23:26:44', '13.8051567', '100.4210141'),
(451, 28, '2018-12-09 23:26:44', '2018-12-09 23:28:10', '13.80512459', '100.42110041'),
(452, 28, '2018-12-09 23:28:10', '2018-12-11 19:26:13', '13.8051446', '100.4210229'),
(453, 11, '2018-12-09 23:38:42', '2018-12-09 23:48:32', '13.7014544', '100.3879633'),
(454, 11, '2018-12-09 23:48:32', '2018-12-09 23:52:06', '13.701454', '100.3879627'),
(455, 11, '2018-12-09 23:52:06', '2018-12-10 00:01:50', '13.7014621', '100.3879748'),
(456, 11, '2018-12-10 00:01:50', '2018-12-10 00:09:36', '13.7014541', '100.3879628'),
(457, 11, '2018-12-10 00:09:36', '2018-12-10 00:19:51', '13.7014413', '100.3879544'),
(458, 11, '2018-12-10 00:19:52', '2018-12-10 00:24:49', '13.7014543', '100.3879632'),
(459, 11, '2018-12-10 00:24:49', '2018-12-10 00:29:14', '13.7014541', '100.3879628'),
(460, 11, '2018-12-10 00:29:14', '2018-12-10 00:31:24', '13.7014622', '100.3879756'),
(461, 11, '2018-12-10 00:31:24', '2018-12-10 00:34:58', '13.7014536', '100.3879632'),
(462, 11, '2018-12-10 00:34:58', '2018-12-10 00:39:15', '13.7014544', '100.3879629'),
(463, 11, '2018-12-10 00:39:15', '2018-12-10 00:41:32', '13.7014419', '100.3879541'),
(464, 11, '2018-12-10 00:41:32', '2018-12-10 00:43:44', '13.7014543', '100.3879628'),
(465, 11, '2018-12-10 00:43:45', '2018-12-10 00:48:56', '13.7014508', '100.387951'),
(466, 11, '2018-12-10 00:48:56', '2018-12-10 00:54:20', '13.7014543', '100.387963'),
(467, 11, '2018-12-10 00:54:20', '2018-12-10 00:57:19', '13.7014544', '100.3879636'),
(468, 11, '2018-12-10 00:57:19', '2018-12-10 01:00:16', '13.7014424', '100.3879548'),
(469, 11, '2018-12-10 01:00:16', '2018-12-10 01:04:37', '13.7014541', '100.3879632'),
(470, 11, '2018-12-10 01:04:37', '2018-12-10 01:11:27', '13.7014545', '100.3879632'),
(471, 11, '2018-12-10 01:11:27', '2018-12-10 01:14:41', '13.7014544', '100.3879637'),
(472, 11, '2018-12-10 01:14:41', '2018-12-10 01:17:46', '13.7014625', '100.3879759'),
(473, 11, '2018-12-10 01:17:46', '2018-12-10 01:21:05', '13.701462', '100.3879752'),
(474, 11, '2018-12-10 01:21:05', '2018-12-11 16:44:48', '13.7014545', '100.3879631'),
(475, 11, '2018-12-11 16:44:48', '2018-12-11 18:05:34', '13.7014541', '100.3879631'),
(476, 11, '2018-12-11 18:05:34', '2018-12-11 18:09:08', '13.7014547', '100.3879632'),
(477, 11, '2018-12-11 18:09:08', '2018-12-11 18:25:09', '13.7014333', '100.3879492'),
(478, 11, '2018-12-11 18:25:10', '2018-12-11 18:30:53', '13.7014327', '100.3879467'),
(479, 11, '2018-12-11 18:30:53', '2018-12-11 18:33:58', '13.701451', '100.3879508'),
(480, 11, '2018-12-11 18:33:58', '2018-12-11 18:38:56', '13.7014433', '100.3879422'),
(481, 11, '2018-12-11 18:38:56', '2018-12-11 18:44:17', '13.701443', '100.387954'),
(482, 11, '2018-12-11 18:44:17', '2018-12-11 18:46:32', '13.7014513', '100.3879509'),
(483, 11, '2018-12-11 18:46:33', '2018-12-11 18:48:55', '13.7014363', '100.3879358'),
(484, 11, '2018-12-11 18:48:55', '2018-12-11 18:51:44', '13.7014429', '100.3879543'),
(485, 11, '2018-12-11 18:51:44', '2018-12-11 18:53:29', '13.7014306', '100.3879455'),
(486, 11, '2018-12-11 18:53:29', '2018-12-11 18:55:00', '13.7014428', '100.3879404'),
(487, 11, '2018-12-11 18:55:00', '2018-12-11 18:56:42', '13.7014313', '100.3879436'),
(488, 11, '2018-12-11 18:56:42', '2018-12-11 18:57:55', '13.7014351', '100.3879341'),
(489, 11, '2018-12-11 18:57:55', '2018-12-11 18:59:47', '13.7014544', '100.3879622'),
(490, 11, '2018-12-11 18:59:48', '2018-12-11 21:47:16', '13.7014429', '100.3879549'),
(491, 28, '2018-12-11 19:26:14', '2018-12-11 20:42:55', '13.8051599', '100.4210128'),
(492, 28, '2018-12-11 20:42:57', '2018-12-11 21:56:26', '13.7014544', '100.3879633'),
(493, 11, '2018-12-11 21:47:16', '2018-12-11 23:23:25', '13.7014427', '100.3879533'),
(494, 28, '2018-12-11 21:56:26', '2018-12-12 12:34:35', '13.7479532', '100.5206781'),
(495, 6, '2018-12-11 23:22:53', '2018-12-11 23:23:08', '13.7014544', '100.3879633'),
(496, 11, '2018-12-11 23:23:27', '2018-12-11 23:26:58', '13.7014544', '100.3879633'),
(497, 6, '2018-12-11 23:27:12', '2018-12-12 15:24:50', '13.7014834', '100.3879648'),
(498, 11, '2018-12-11 23:29:52', '2018-12-11 23:30:28', '13.7014544', '100.3879633'),
(499, 11, '2018-12-11 23:30:29', '2018-12-11 23:40:24', '13.7014544', '100.3879633'),
(500, 11, '2018-12-11 23:40:24', '2018-12-12 22:42:08', '13.7014544', '100.3879633'),
(501, 28, '2018-12-12 12:34:36', '2018-12-12 16:50:53', '13.7455742', '100.5132653'),
(502, 6, '2018-12-12 15:24:51', '2018-12-12 15:25:10', '13.7014431', '100.3879548'),
(503, 28, '2018-12-12 16:50:54', '2018-12-12 23:42:33', '13.8051526', '100.4211017'),
(504, 11, '2018-12-12 22:42:09', '2018-12-12 22:43:32', '13.7014544', '100.3879633'),
(505, 11, '2018-12-12 22:43:32', '2018-12-12 22:43:50', '13.7014544', '100.3879633'),
(506, 11, '2018-12-12 22:43:51', '2018-12-12 22:44:18', '13.7014544', '100.3879633'),
(507, 11, '2018-12-12 22:44:19', '2018-12-12 22:44:48', '13.7014544', '100.3879633'),
(508, 11, '2018-12-12 22:44:48', '2018-12-12 22:45:07', '13.7014544', '100.3879633'),
(509, 11, '2018-12-12 22:45:07', '2018-12-12 22:45:26', '13.7014544', '100.3879633'),
(510, 11, '2018-12-12 22:45:26', '2018-12-12 22:46:02', '13.7014544', '100.3879633'),
(511, 11, '2018-12-12 22:46:02', '2018-12-12 22:47:24', '13.7014544', '100.3879633'),
(512, 11, '2018-12-12 22:47:24', '2018-12-12 22:47:35', '13.7014544', '100.3879633'),
(513, 11, '2018-12-12 22:47:36', '2018-12-12 22:48:12', '13.7014544', '100.3879633'),
(514, 11, '2018-12-12 22:48:12', '2018-12-12 22:50:27', '13.7014544', '100.3879633'),
(515, 11, '2018-12-12 22:50:27', '2018-12-12 22:50:52', '13.7014544', '100.3879633'),
(516, 11, '2018-12-12 22:50:52', '2018-12-12 22:51:05', '13.7014544', '100.3879633'),
(517, 11, '2018-12-12 22:51:06', '2018-12-12 22:51:32', '13.7014544', '100.3879633'),
(518, 11, '2018-12-12 22:51:33', '2018-12-12 22:51:51', '13.7014544', '100.3879633'),
(519, 11, '2018-12-12 22:51:51', '2018-12-12 23:01:21', '13.7014544', '100.3879633'),
(520, 11, '2018-12-12 23:01:22', '2018-12-12 23:15:13', '13.7014544', '100.3879633'),
(521, 11, '2018-12-12 23:15:15', '2018-12-12 23:28:14', '13.7014544', '100.3879633'),
(522, 11, '2018-12-12 23:28:14', '2018-12-12 23:28:54', '13.7014544', '100.3879633'),
(523, 11, '2018-12-12 23:28:54', '2018-12-12 23:30:58', '13.7014544', '100.3879633'),
(524, 11, '2018-12-12 23:30:58', '2018-12-12 23:31:39', '13.7014544', '100.3879633'),
(525, 11, '2018-12-12 23:31:40', '2018-12-12 23:32:04', '13.7014544', '100.3879633'),
(526, 11, '2018-12-12 23:32:05', '2018-12-12 23:33:25', '13.7014544', '100.3879633'),
(527, 11, '2018-12-12 23:33:25', '2018-12-12 23:34:09', '13.7014544', '100.3879633'),
(528, 11, '2018-12-12 23:34:09', '2018-12-12 23:36:03', '13.7014544', '100.3879633'),
(529, 11, '2018-12-12 23:36:03', '2018-12-12 23:36:42', '13.7014544', '100.3879633'),
(530, 11, '2018-12-12 23:36:42', '2018-12-12 23:52:36', '13.7014544', '100.3879633'),
(531, 28, '2018-12-12 23:42:33', '2018-12-13 06:21:02', '13.8051526', '100.4211017'),
(532, 11, '2018-12-12 23:52:36', '2018-12-13 00:06:54', '13.7014544', '100.3879633'),
(533, 11, '2018-12-13 00:07:05', '2018-12-13 00:11:24', '13.7014544', '100.3879633'),
(534, 6, '2018-12-13 00:07:07', '2018-12-13 00:45:55', '13.701431', '100.3879469'),
(535, 11, '2018-12-13 00:11:24', '2018-12-13 00:13:16', '13.7014544', '100.3879633'),
(536, 11, '2018-12-13 00:13:16', '2018-12-13 00:15:57', '13.7014544', '100.3879633'),
(537, 11, '2018-12-13 00:15:57', '2018-12-13 00:16:33', '13.7014544', '100.3879633'),
(538, 11, '2018-12-13 00:16:34', '2018-12-13 00:21:52', '13.7014544', '100.3879633'),
(539, 11, '2018-12-13 00:21:52', '2018-12-13 00:22:20', '13.7014544', '100.3879633'),
(540, 11, '2018-12-13 00:22:21', '2018-12-13 00:24:39', '13.7014544', '100.3879633'),
(541, 11, '2018-12-13 00:24:39', '2018-12-13 00:27:01', '13.7014544', '100.3879633'),
(542, 11, '2018-12-13 00:27:01', '2018-12-13 00:31:52', '13.7014544', '100.3879633'),
(543, 11, '2018-12-13 00:31:52', '2018-12-13 00:31:58', '13.7014544', '100.3879633'),
(544, 11, '2018-12-13 00:31:59', '2018-12-13 00:34:25', '13.7014544', '100.3879633'),
(545, 11, '2018-12-13 00:34:25', '2018-12-13 00:44:11', '13.7014544', '100.3879633'),
(546, 11, '2018-12-13 00:44:11', '2018-12-13 00:45:23', '13.7014544', '100.3879633'),
(547, 11, '2018-12-13 00:45:23', '2018-12-13 00:46:47', '13.7014544', '100.3879633'),
(548, 6, '2018-12-13 00:45:55', '2019-01-01 15:26:42', '13.7014431', '100.387942'),
(549, 11, '2018-12-13 00:46:47', '2018-12-13 00:49:45', '13.7014544', '100.3879633'),
(550, 11, '2018-12-13 00:49:45', '2018-12-13 00:54:05', '13.7014544', '100.3879633'),
(551, 11, '2018-12-13 00:54:05', '2018-12-13 00:56:14', '13.7014544', '100.3879633'),
(552, 11, '2018-12-13 00:56:14', '2018-12-13 00:56:52', '13.7014544', '100.3879633'),
(553, 11, '2018-12-13 00:56:52', '2018-12-13 00:57:36', '13.7014544', '100.3879633'),
(554, 11, '2018-12-13 00:57:36', '2018-12-13 01:02:46', '13.7014544', '100.3879633'),
(555, 11, '2018-12-13 01:02:46', '2018-12-13 01:03:11', '13.7014544', '100.3879633'),
(556, 11, '2018-12-13 01:03:11', '2018-12-13 01:03:29', '13.7014544', '100.3879633'),
(557, 11, '2018-12-13 01:03:29', '2018-12-13 01:05:27', '13.7014544', '100.3879633'),
(558, 11, '2018-12-13 01:05:28', '2018-12-13 01:08:16', '13.7014544', '100.3879633'),
(559, 11, '2018-12-13 01:08:16', '2018-12-13 01:09:20', '13.7014544', '100.3879633'),
(560, 11, '2018-12-13 01:09:21', '2018-12-13 01:11:48', '13.7014544', '100.3879633'),
(561, 11, '2018-12-13 01:11:49', '2018-12-13 01:15:26', '13.7014544', '100.3879633'),
(562, 11, '2018-12-13 01:15:27', '2018-12-13 01:16:17', '13.7014544', '100.3879633'),
(563, 11, '2018-12-13 01:16:17', '2018-12-13 01:18:00', '13.7014544', '100.3879633'),
(564, 11, '2018-12-13 01:18:01', '2018-12-13 01:21:07', '13.7014544', '100.3879633'),
(565, 11, '2018-12-13 01:21:07', '2018-12-13 01:23:18', '13.7014544', '100.3879633'),
(566, 11, '2018-12-13 01:23:18', '2018-12-13 01:23:28', '13.7014544', '100.3879633'),
(567, 11, '2018-12-13 01:23:28', '2018-12-13 01:29:29', '13.7014544', '100.3879633'),
(568, 11, '2018-12-13 01:29:29', '2018-12-13 01:29:42', '13.7014544', '100.3879633'),
(569, 11, '2018-12-13 01:29:45', '2018-12-13 01:32:50', '13.7014544', '100.3879633'),
(570, 11, '2018-12-13 01:32:50', '2018-12-13 01:33:02', '13.7014544', '100.3879633'),
(571, 11, '2018-12-13 01:33:03', '2018-12-13 01:34:57', '13.7014544', '100.3879633'),
(572, 11, '2018-12-13 01:34:57', '2018-12-13 01:50:44', '13.7014544', '100.3879633'),
(573, 11, '2018-12-13 01:50:45', '2018-12-13 01:55:27', '13.7014544', '100.3879633'),
(574, 11, '2018-12-13 01:55:27', '2018-12-13 01:57:20', '13.7014431', '100.387942'),
(575, 11, '2018-12-13 01:57:21', '2018-12-13 02:19:01', '13.7014427', '100.3879544'),
(576, 11, '2018-12-13 02:19:01', '2018-12-13 02:21:14', '13.7014355', '100.3879526'),
(577, 11, '2018-12-13 02:21:14', '2018-12-13 02:23:12', '13.7014346', '100.3879542'),
(578, 11, '2018-12-13 02:23:12', '2018-12-13 14:24:59', '13.7014424', '100.3879534'),
(579, 28, '2018-12-13 06:21:12', '2018-12-13 11:09:03', '13.7014544', '100.3879633'),
(580, 28, '2018-12-13 11:09:03', '2018-12-13 18:30:49', '13.7117184', '100.3533223'),
(581, 11, '2018-12-13 14:24:59', '2018-12-14 09:51:12', '13.7014427', '100.3879421'),
(582, 28, '2018-12-13 18:30:49', '2018-12-14 19:14:28', '13.7117184', '100.3533223'),
(583, 11, '2018-12-14 09:51:13', '2018-12-14 10:02:59', '13.7187093', '100.5089813'),
(584, 11, '2018-12-14 10:03:00', '2018-12-14 10:18:46', '13.7187096', '100.508981'),
(585, 11, '2018-12-14 10:18:46', '2018-12-14 10:30:05', '13.7187095', '100.5089809'),
(586, 11, '2018-12-14 10:30:06', '2018-12-14 10:36:33', '13.7187098', '100.5089811'),
(587, 11, '2018-12-14 10:36:33', '2018-12-14 10:42:24', '13.7187098', '100.5089811'),
(588, 11, '2018-12-14 10:42:24', '2018-12-14 10:44:46', '13.7187105', '100.5089815'),
(589, 11, '2018-12-14 10:44:46', '2018-12-14 10:46:54', '13.7187097', '100.508981'),
(590, 11, '2018-12-14 10:46:54', '2018-12-14 10:51:38', '13.7187174', '100.5089894'),
(591, 11, '2018-12-14 10:51:39', '2018-12-14 10:56:11', '13.7187096', '100.5089814'),
(592, 11, '2018-12-14 10:56:11', '2018-12-14 11:07:41', '13.7187101', '100.5089816'),
(593, 11, '2018-12-14 11:07:42', '2018-12-14 11:10:43', '13.7187102', '100.5089819'),
(594, 11, '2018-12-14 11:10:43', '2018-12-14 11:20:55', '13.7187102', '100.5089816'),
(595, 11, '2018-12-14 11:20:56', '2018-12-14 11:26:03', '13.7187082', '100.5089766'),
(596, 11, '2018-12-14 11:26:03', '2018-12-14 11:29:21', '13.7187104', '100.5089815'),
(597, 11, '2018-12-14 11:29:21', '2018-12-14 11:35:38', '13.7187102', '100.5089815'),
(598, 11, '2018-12-14 11:35:39', '2018-12-14 11:37:50', '13.7187101', '100.5089811'),
(599, 11, '2018-12-14 11:37:50', '2018-12-14 11:39:50', '13.7187175', '100.5089895'),
(600, 11, '2018-12-14 11:39:50', '2018-12-14 11:41:58', '13.7187182', '100.5089898'),
(601, 11, '2018-12-14 11:41:58', '2018-12-14 11:45:20', '13.71871', '100.5089813'),
(602, 11, '2018-12-14 11:45:20', '2018-12-14 11:47:22', '13.7187174', '100.5089894'),
(603, 11, '2018-12-14 11:47:22', '2018-12-14 11:53:32', '13.7187097', '100.508981'),
(604, 11, '2018-12-14 11:53:32', '2018-12-14 11:55:21', '13.7187097', '100.508981'),
(605, 11, '2018-12-14 11:55:21', '2018-12-14 11:59:16', '13.7187095', '100.508981'),
(606, 11, '2018-12-14 11:59:17', '2018-12-14 12:01:39', '13.7187093', '100.508981'),
(607, 11, '2018-12-14 12:01:39', '2018-12-14 12:04:03', '13.71871', '100.5089814'),
(608, 11, '2018-12-14 12:04:03', '2018-12-14 12:05:39', '13.71871', '100.5089812'),
(609, 11, '2018-12-14 12:05:39', '2018-12-14 13:32:32', '13.7187099', '100.5089813'),
(610, 11, '2018-12-14 13:32:33', '2018-12-14 13:43:28', '13.7187182', '100.5089899'),
(611, 11, '2018-12-14 13:43:28', '2018-12-14 13:52:04', '13.7187177', '100.5089894'),
(612, 11, '2018-12-14 13:52:04', '2018-12-14 13:55:46', '13.718709', '100.5089798');
INSERT INTO `login_log` (`id`, `user_id`, `last_login`, `last_logout`, `lat`, `long`) VALUES
(613, 11, '2018-12-14 13:55:47', '2018-12-14 14:00:42', '13.7187099', '100.5089816'),
(614, 11, '2018-12-14 14:00:42', '2018-12-14 14:09:00', '13.7187102', '100.5089819'),
(615, 11, '2018-12-14 14:09:02', '2018-12-14 14:10:30', '13.7014544', '100.3879633'),
(616, 11, '2018-12-14 14:10:30', '2018-12-14 14:14:40', '13.7014544', '100.3879633'),
(617, 11, '2018-12-14 14:14:40', '2018-12-14 14:15:57', '13.7014544', '100.3879633'),
(618, 11, '2018-12-14 14:15:57', '2018-12-14 14:33:22', '13.7187098', '100.5089816'),
(619, 11, '2018-12-14 14:33:23', '2018-12-14 14:41:10', '13.7187099', '100.5089816'),
(620, 11, '2018-12-14 14:41:11', '2018-12-14 14:45:04', '13.7187094', '100.508981'),
(621, 11, '2018-12-14 14:45:04', '2018-12-14 14:47:26', '13.7187094', '100.5089811'),
(622, 11, '2018-12-14 14:47:27', '2018-12-14 14:50:52', '13.7187097', '100.5089813'),
(623, 11, '2018-12-14 14:50:52', '2018-12-14 14:53:16', '13.7187097', '100.5089814'),
(624, 11, '2018-12-14 14:53:16', '2018-12-14 14:54:19', '13.7187092', '100.5089812'),
(625, 11, '2018-12-14 14:54:19', '2018-12-14 14:56:26', '13.7187096', '100.5089813'),
(626, 11, '2018-12-14 14:56:26', '2018-12-14 14:57:49', '13.7187099', '100.5089816'),
(627, 11, '2018-12-14 14:57:49', '2018-12-14 15:00:05', '13.71871', '100.5089816'),
(628, 11, '2018-12-14 15:00:05', '2018-12-14 15:04:40', '13.7187098', '100.5089816'),
(629, 11, '2018-12-14 15:04:40', '2018-12-14 15:14:13', '13.7187224', '100.5089986'),
(630, 11, '2018-12-14 15:14:14', '2018-12-14 15:18:35', '13.7187096', '100.5089815'),
(631, 11, '2018-12-14 15:18:35', '2018-12-14 15:24:44', '13.7187175', '100.5089896'),
(632, 11, '2018-12-14 15:24:45', '2018-12-14 15:30:46', '13.7187102', '100.5089816'),
(633, 11, '2018-12-14 15:30:46', '2018-12-14 15:40:50', '13.7187175', '100.5089895'),
(634, 11, '2018-12-14 15:40:51', '2018-12-14 15:58:31', '13.654347240645134', '100.48206245864947'),
(635, 11, '2018-12-14 15:58:31', '2018-12-14 16:02:39', '13.653628113591841', '100.5041465832694'),
(636, 11, '2018-12-14 16:02:39', '2018-12-14 16:29:33', '13.653628113591841', '100.5041465832694'),
(637, 11, '2018-12-14 16:29:33', '2018-12-14 17:19:05', '13.7187099', '100.5089815'),
(638, 11, '2018-12-14 17:19:05', '2018-12-14 17:25:13', '13.713455644707158', '100.48497150908747'),
(639, 11, '2018-12-14 17:25:14', '2018-12-14 17:27:45', '13.690367561025127', '100.48143322881504'),
(640, 11, '2018-12-14 17:27:45', '2018-12-14 18:13:26', '13.66085040170686', '100.47154739039843'),
(641, 11, '2018-12-14 18:13:26', '2018-12-14 18:16:37', '13.736331667510651', '100.49938907696367'),
(642, 11, '2018-12-14 18:16:38', '2018-12-14 18:20:12', '13.65446728305258', '100.47410616925572'),
(643, 11, '2018-12-14 18:20:12', '2018-12-14 18:21:53', '13.639444881015523', '100.49905514483567'),
(644, 11, '2018-12-14 18:21:53', '2018-12-14 18:27:07', '13.65645164065108', '100.4876114636777'),
(645, 11, '2018-12-14 18:27:07', '2018-12-14 18:29:42', '13.676154753761203', '100.4856046906848'),
(646, 11, '2018-12-14 18:29:42', '2018-12-14 18:33:27', '13.69652862563639', '100.52837596217455'),
(647, 11, '2018-12-14 18:33:27', '2018-12-14 18:36:39', '13.660588148404134', '100.51096293983016'),
(648, 11, '2018-12-14 18:36:39', '2018-12-14 18:37:34', '13.7187096', '100.5089812'),
(649, 11, '2018-12-14 18:37:34', '2018-12-14 18:42:51', '13.7187095', '100.5089811'),
(650, 11, '2018-12-14 18:42:52', '2018-12-14 18:45:47', '13.7187094', '100.5089809'),
(651, 11, '2018-12-14 18:45:48', '2018-12-14 18:48:22', '13.71969300350372', '100.49570310978038'),
(652, 11, '2018-12-14 18:48:23', '2018-12-14 18:50:41', '13.645522161064529', '100.48526506213682'),
(653, 11, '2018-12-14 18:50:42', '2018-12-14 18:54:57', '13.706336244960445', '100.54276275908865'),
(654, 11, '2018-12-14 18:54:57', '2018-12-14 18:58:01', '13.7187096', '100.5089812'),
(655, 11, '2018-12-14 18:58:01', '2018-12-14 19:04:59', '13.666852960686795', '100.47726379382016'),
(656, 11, '2018-12-14 19:05:00', '2018-12-14 19:08:41', '13.7187091', '100.5089811'),
(657, 11, '2018-12-14 19:08:42', '2018-12-14 19:11:59', '13.691299261094734', '100.47316178022538'),
(658, 11, '2018-12-14 19:11:59', '2018-12-14 19:15:21', '13.69275350362522', '100.48019426903488'),
(659, 28, '2018-12-14 19:14:28', '2018-12-15 13:19:33', '13.7451021', '100.5391582'),
(660, 11, '2018-12-14 19:15:21', '2018-12-14 19:22:48', '13.7187098', '100.5089815'),
(661, 11, '2018-12-14 19:22:48', '2018-12-14 19:27:47', '13.7187093', '100.5089812'),
(662, 11, '2018-12-14 19:27:47', '2018-12-14 20:53:19', '13.65024172563998', '100.48451611411963'),
(663, 11, '2018-12-14 20:53:20', '2018-12-14 20:57:36', '13.651686509562786', '100.49268175062775'),
(664, 11, '2018-12-14 20:57:36', '2018-12-14 20:59:32', '13.7014436', '100.3879435'),
(665, 11, '2018-12-14 20:59:33', '2018-12-14 21:00:45', '13.7014429', '100.387941'),
(666, 11, '2018-12-14 21:00:46', '2018-12-14 21:10:29', '13.701445', '100.3879441'),
(667, 11, '2018-12-14 21:10:30', '2018-12-14 21:12:05', '13.7014435', '100.3879417'),
(668, 11, '2018-12-14 21:12:06', '2018-12-14 21:14:13', '13.7014516', '100.3879348'),
(669, 11, '2018-12-14 21:14:14', '2018-12-15 11:31:35', '13.7014517', '100.3879363'),
(670, 11, '2018-12-15 11:31:37', '2018-12-15 13:14:19', '13.7014544', '100.3879633'),
(671, 11, '2018-12-15 13:14:21', '2018-12-17 16:24:03', '13.7014544', '100.3879633'),
(672, 28, '2018-12-15 13:19:36', '2018-12-17 17:09:40', '13.7014544', '100.3879633'),
(673, 11, '2018-12-17 16:24:04', '2018-12-17 21:21:09', '13.7014291', '100.3879457'),
(674, 28, '2018-12-17 17:09:40', '2018-12-17 17:10:34', '14.2875617', '101.0975132'),
(675, 48, '2018-12-17 19:33:25', '2018-12-17 20:00:39', '13.8051675', '100.4211042'),
(676, 48, '2018-12-17 20:00:39', '2018-12-17 20:04:06', '13.8051555', '100.4210936'),
(677, 48, '2018-12-17 20:04:06', '2018-12-17 20:32:15', '13.8051569', '100.4210937'),
(678, 48, '2018-12-17 20:32:15', '2018-12-17 20:53:46', '13.8051568', '100.4210973'),
(679, 48, '2018-12-17 20:53:46', '2018-12-19 10:01:57', '13.8051638', '100.4211066'),
(680, 11, '2018-12-17 21:21:09', '2018-12-18 14:03:50', '13.7187088', '100.5089805'),
(681, 11, '2018-12-18 14:03:51', '2018-12-19 15:46:49', '13.7494477', '100.5074069'),
(682, 48, '2018-12-19 10:01:57', '2018-12-19 10:28:05', '13.8051548', '100.421098'),
(683, 48, '2018-12-19 10:38:00', '2018-12-19 18:01:25', '13.7450622', '100.5394781'),
(684, 11, '2018-12-19 15:46:49', '2018-12-25 15:44:43', '13.7494477', '100.5074069'),
(685, 48, '2018-12-19 18:01:25', '2018-12-19 20:36:38', '13.7450624', '100.5394782'),
(686, 48, '2018-12-19 20:36:39', '2018-12-19 20:38:08', '13.74491291', '100.53793265'),
(687, 48, '2018-12-19 20:38:08', '2018-12-24 18:57:25', '13.74727264', '100.52529179'),
(688, 48, '2018-12-24 18:57:25', '2018-12-24 18:57:37', '13.7473087', '100.5245748'),
(689, 2, '2018-12-24 18:57:54', '2018-12-24 19:04:25', '13.7014544', '100.3879633'),
(690, 2, '2018-12-24 19:04:26', '2018-12-24 19:11:58', '13.8051557', '100.4210994'),
(691, 2, '2018-12-24 19:11:59', '2018-12-24 19:32:15', '13.8051568', '100.4210996'),
(692, 2, '2018-12-24 19:32:15', '2018-12-24 20:00:43', '13.8051571', '100.4210972'),
(693, 2, '2018-12-24 20:00:59', '2018-12-24 20:45:27', '13.8051565', '100.4210983'),
(694, 48, '2018-12-24 20:45:41', '2018-12-24 20:47:27', '13.8051708', '100.4210837'),
(695, 2, '2018-12-24 20:47:09', '2018-12-28 16:58:44', '13.779247', '100.443328'),
(696, 48, '2018-12-24 20:47:27', '2018-12-28 16:57:25', '13.8051708', '100.4210837'),
(697, 11, '2018-12-25 15:44:43', '2018-12-25 17:24:03', '13.7187154', '100.5089714'),
(698, 11, '2018-12-25 17:24:03', '2018-12-28 19:35:51', '13.7187139', '100.5089727'),
(699, 48, '2018-12-28 16:57:27', '2018-12-28 16:57:50', '13.7014544', '100.3879633'),
(700, 48, '2018-12-28 16:57:50', '2018-12-28 16:58:08', '13.8051674', '100.421085'),
(701, 2, '2018-12-28 16:58:46', '2019-01-07 15:47:28', '13.7014544', '100.3879633'),
(702, 11, '2018-12-28 19:35:51', '2018-12-28 19:36:44', '13.718714', '100.5089727'),
(703, 11, '2018-12-28 19:36:44', '2018-12-28 22:33:51', '13.718714', '100.5089727'),
(704, 11, '2018-12-28 22:33:51', '2018-12-28 22:34:04', '13.7014851', '100.3879665'),
(705, 11, '2018-12-28 22:34:45', '2018-12-28 22:34:56', '13.7014861', '100.3879555'),
(706, 11, '2018-12-28 22:36:27', '2018-12-28 22:57:01', '13.7014857', '100.3879555'),
(707, 11, '2018-12-28 23:09:08', '2018-12-28 23:15:57', '13.7014865', '100.3879578'),
(708, 11, '2018-12-28 23:15:58', '2018-12-28 23:26:32', '13.7014852', '100.3879542'),
(709, 11, '2018-12-28 23:26:32', '2018-12-28 23:28:07', '13.7014772', '100.3879559'),
(710, 11, '2018-12-28 23:28:07', '2018-12-28 23:31:09', '13.7014776', '100.3879544'),
(711, 11, '2019-01-01 12:49:12', '2019-01-01 12:51:51', '13.7014857', '100.3879539'),
(712, 11, '2019-01-01 12:51:52', '2019-01-01 12:52:56', '13.7014772', '100.3879559'),
(713, 11, '2019-01-01 12:57:11', '2019-01-01 13:02:59', '13.7014772', '100.3879552'),
(714, 11, '2019-01-01 13:02:59', '2019-01-01 13:04:20', '13.7014849', '100.3879676'),
(715, 11, '2019-01-01 13:04:21', '2019-01-01 13:04:49', '13.7014853', '100.3879676'),
(716, 11, '2019-01-01 13:06:22', '2019-01-01 13:07:45', '13.7014852', '100.3879662'),
(717, 11, '2019-01-01 13:07:45', '2019-01-01 14:21:35', '13.7014852', '100.3879671'),
(718, 11, '2019-01-01 14:21:35', '2019-01-01 14:29:07', '13.7014851', '100.3879674'),
(719, 11, '2019-01-01 14:29:07', '2019-01-01 14:29:18', '13.7014764', '100.3879547'),
(720, 11, '2019-01-01 14:30:23', '2019-01-01 14:32:20', '13.701485', '100.387967'),
(721, 11, '2019-01-01 14:32:20', '2019-01-01 14:32:38', '13.7014769', '100.3879545'),
(722, 11, '2019-01-01 14:44:46', '2019-01-01 14:45:11', '13.701484', '100.3879648'),
(723, 11, '2019-01-01 14:45:11', '2019-01-01 14:50:48', '13.7014854', '100.387956'),
(724, 11, '2019-01-01 14:50:48', '2019-01-01 14:51:32', '13.7014856', '100.3879554'),
(725, 11, '2019-01-01 15:18:46', '2019-01-01 15:26:03', '13.7014865', '100.3879549'),
(726, 1, '2019-01-01 15:24:50', '2019-01-01 15:26:28', '13.7014544', '100.3879633'),
(727, 6, '2019-01-01 15:26:42', '2019-01-01 15:29:24', '13.7014544', '100.3879633'),
(728, 1, '2019-01-01 15:27:05', '2019-01-01 15:28:36', '13.7014853', '100.3879667'),
(729, 6, '2019-01-01 15:29:24', '2019-01-01 15:29:32', '13.7014544', '100.3879633'),
(730, 1, '2019-01-01 15:30:04', '2019-01-01 15:51:13', '13.7014872', '100.3879538'),
(731, 6, '2019-01-01 15:34:48', '2019-01-01 15:35:04', '13.7014544', '100.3879633'),
(732, 6, '2019-01-01 15:35:04', '2019-01-01 15:35:22', '13.7014544', '100.3879633'),
(733, 6, '2019-01-01 15:35:22', '2019-01-01 15:35:28', '13.7014544', '100.3879633'),
(734, 6, '2019-01-01 15:35:28', '2019-01-01 15:39:31', '13.7014544', '100.3879633'),
(735, 6, '2019-01-01 15:39:31', '2019-01-01 15:39:40', '13.7014544', '100.3879633'),
(736, 6, '2019-01-01 15:39:40', '2019-01-01 15:39:51', '13.7014544', '100.3879633'),
(737, 6, '2019-01-01 15:39:51', '2019-01-01 15:40:14', '13.7014544', '100.3879633'),
(738, 6, '2019-01-01 15:40:14', '2019-01-01 15:40:30', '13.7014544', '100.3879633'),
(739, 6, '2019-01-01 15:40:30', '2019-01-01 15:40:37', '13.7014544', '100.3879633'),
(740, 6, '2019-01-01 15:40:38', '2019-01-01 15:40:48', '13.7014544', '100.3879633'),
(741, 6, '2019-01-01 15:40:48', '2019-01-01 15:41:16', '13.7014544', '100.3879633'),
(742, 6, '2019-01-01 15:41:17', '2019-01-01 15:41:37', '13.7014544', '100.3879633'),
(743, 6, '2019-01-01 15:41:37', '2019-01-01 15:48:19', '13.7014544', '100.3879633'),
(744, 6, '2019-01-01 15:48:20', '2019-01-01 17:23:44', '13.7014544', '100.3879633'),
(745, 1, '2019-01-01 15:51:13', '2019-01-01 15:59:20', '13.7014866', '100.3879648'),
(746, 1, '2019-01-01 15:59:20', '2019-01-01 16:03:19', '13.7014733', '100.3879478'),
(747, 1, '2019-01-01 16:03:19', '2019-01-01 16:04:58', '13.7014849', '100.3879538'),
(748, 1, '2019-01-01 16:04:59', '2019-01-01 16:07:22', '13.7014844', '100.387966'),
(749, 1, '2019-01-01 16:07:23', '2019-01-01 16:10:16', '13.7014768', '100.3879531'),
(750, 1, '2019-01-01 16:10:17', '2019-01-01 16:12:21', '13.7014848', '100.3879542'),
(751, 1, '2019-01-01 16:12:21', '2019-01-01 16:13:59', '13.7014841', '100.3879664'),
(752, 1, '2019-01-01 16:14:00', '2019-01-01 16:16:08', '13.7014842', '100.387966'),
(753, 1, '2019-01-01 16:16:08', '2019-01-01 16:21:14', '13.7014764', '100.3879539'),
(754, 1, '2019-01-01 16:21:15', '2019-01-01 16:27:16', '13.7014837', '100.3879663'),
(755, 1, '2019-01-01 16:27:16', '2019-01-01 16:29:51', '13.7014844', '100.3879668'),
(756, 1, '2019-01-01 16:29:55', '2019-01-01 16:32:38', '13.7014837', '100.3879681'),
(757, 1, '2019-01-01 16:32:39', '2019-01-01 16:35:12', '13.7014843', '100.3879667'),
(758, 1, '2019-01-01 16:35:12', '2019-01-01 16:36:58', '13.7014847', '100.3879667'),
(759, 1, '2019-01-01 16:36:58', '2019-01-01 16:39:33', '13.7014841', '100.3879657'),
(760, 1, '2019-01-01 16:39:33', '2019-01-01 16:43:50', '13.701484', '100.3879664'),
(761, 1, '2019-01-01 16:43:50', '2019-01-01 16:46:04', '13.7014728', '100.3879491'),
(762, 1, '2019-01-01 16:46:05', '2019-01-01 16:48:21', '13.7014845', '100.3879664'),
(763, 1, '2019-01-01 16:48:21', '2019-01-01 16:49:53', '13.7014842', '100.3879659'),
(764, 1, '2019-01-01 16:49:54', '2019-01-01 16:52:14', '13.7014754', '100.387955'),
(765, 1, '2019-01-01 16:52:14', '2019-01-01 16:53:55', '13.7014849', '100.3879667'),
(766, 1, '2019-01-01 16:53:55', '2019-01-01 16:55:37', '13.7014843', '100.3879664'),
(767, 1, '2019-01-01 16:55:38', '2019-01-01 16:57:12', '13.7014855', '100.3879639'),
(768, 1, '2019-01-01 16:57:12', '2019-01-01 16:58:43', '13.7014837', '100.3879647'),
(769, 1, '2019-01-01 16:58:43', '2019-01-01 17:01:33', '13.7014849', '100.3879677'),
(770, 1, '2019-01-01 17:01:33', '2019-01-01 17:05:38', '13.7014838', '100.3879663'),
(771, 1, '2019-01-01 17:05:39', '2019-01-01 17:09:34', '13.7014846', '100.3879534'),
(772, 1, '2019-01-01 17:09:34', '2019-01-01 17:11:09', '13.7014846', '100.3879669'),
(773, 1, '2019-01-01 17:11:09', '2019-01-01 17:14:12', '13.7014841', '100.3879662'),
(774, 1, '2019-01-01 17:14:12', '2019-01-01 17:17:11', '13.7014849', '100.3879667'),
(775, 1, '2019-01-01 17:17:11', '2019-01-01 17:19:19', '13.7014838', '100.3879664'),
(776, 1, '2019-01-01 17:19:19', '2019-01-01 17:20:21', '13.7014855', '100.3879548'),
(777, 6, '2019-01-01 17:23:44', '2019-01-01 17:24:38', '13.7014544', '100.3879633'),
(778, 11, '2019-01-01 17:24:54', '2019-01-01 17:25:07', 'undefined', 'undefined'),
(779, 11, '2019-01-01 17:25:07', '2019-01-01 17:25:56', '13.7014544', '100.3879633'),
(780, 11, '2019-01-01 17:43:48', '2019-01-01 17:43:55', 'undefined', 'undefined'),
(781, 11, '2019-01-01 19:20:45', '2019-01-01 19:33:30', '13.7014845', '100.3879667'),
(782, 11, '2019-01-01 19:33:30', '2019-01-01 19:34:29', '13.7014865', '100.3879669'),
(783, 11, '2019-01-01 19:34:30', '2019-01-01 19:38:30', '13.7014847', '100.387967'),
(784, 6, '2019-01-01 19:38:42', '2019-01-01 19:45:00', '13.7014844', '100.3879657'),
(785, 11, '2019-01-01 19:41:38', '2019-01-01 19:43:35', 'undefined', 'undefined'),
(786, 11, '2019-01-01 19:43:35', '2019-01-01 19:43:50', 'undefined', 'undefined'),
(787, 11, '2019-01-01 19:43:50', '2019-01-01 20:14:58', 'undefined', 'undefined'),
(788, 6, '2019-01-01 19:45:01', '2019-01-01 19:58:11', '13.7014859', '100.3879647'),
(789, 6, '2019-01-01 19:58:11', '2019-01-01 20:03:50', '13.7014862', '100.3879647'),
(790, 6, '2019-01-01 20:03:50', '2019-01-01 20:07:43', '13.7014846', '100.387965'),
(791, 6, '2019-01-01 20:07:44', '2019-01-01 20:10:23', '13.7014699', '100.387952'),
(792, 6, '2019-01-01 20:10:24', '2019-01-01 20:27:47', '13.7014847', '100.3879669'),
(793, 11, '2019-01-01 20:14:58', '2019-01-01 20:19:14', 'undefined', 'undefined'),
(794, 11, '2019-01-01 20:19:15', '2019-01-01 20:21:01', 'undefined', 'undefined'),
(795, 11, '2019-01-01 20:21:01', '2019-01-01 20:21:25', 'undefined', 'undefined'),
(796, 11, '2019-01-01 20:21:25', '2019-01-01 20:26:40', 'undefined', 'undefined'),
(797, 11, '2019-01-01 20:26:40', '2019-01-02 00:39:46', 'undefined', 'undefined'),
(798, 6, '2019-01-01 20:27:47', '2019-01-01 20:34:56', '13.7014847', '100.3879665'),
(799, 6, '2019-01-01 20:34:56', '2019-01-01 20:41:33', '13.7014857', '100.387954'),
(800, 6, '2019-01-01 20:41:34', '2019-01-01 20:43:42', '13.7014976', '100.3879615'),
(801, 6, '2019-01-01 20:43:42', '2019-01-01 20:45:26', '13.7014978', '100.3879622'),
(802, 6, '2019-01-01 20:45:27', '2019-01-01 20:47:01', '13.7014862', '100.3879661'),
(803, 6, '2019-01-01 20:47:02', '2019-01-01 20:48:56', '13.7014697', '100.3879437'),
(804, 6, '2019-01-01 20:48:56', '2019-01-01 20:51:12', '13.7014855', '100.3879652'),
(805, 6, '2019-01-01 20:51:12', '2019-01-01 21:12:06', '13.7014853', '100.3879664'),
(806, 6, '2019-01-01 21:12:06', '2019-01-02 00:39:22', '13.7014846', '100.3879651'),
(807, 11, '2019-01-02 00:39:47', '2019-01-02 23:23:39', '13.7014544', '100.3879633'),
(808, 11, '2019-01-02 23:23:39', '2019-01-03 00:14:38', '13.7014781', '100.3879543'),
(809, 11, '2019-01-03 00:14:38', '2019-01-03 00:18:35', '13.7014855', '100.3879559'),
(810, 11, '2019-01-03 00:18:35', '2019-01-03 00:32:17', '13.7014951', '100.3879333'),
(811, 11, '2019-01-03 00:32:17', '2019-01-03 00:34:50', '13.7014874', '100.3879544'),
(812, 11, '2019-01-03 00:34:50', '2019-01-03 00:36:21', '13.7014849', '100.3879676'),
(813, 11, '2019-01-03 00:36:21', '2019-01-03 00:48:56', '13.701487', '100.3879549'),
(814, 11, '2019-01-03 00:48:56', '2019-01-03 01:00:03', '13.7014856', '100.3879552'),
(815, 11, '2019-01-03 01:00:03', '2019-01-03 01:06:41', '13.701487', '100.3879541'),
(816, 11, '2019-01-03 01:06:41', '2019-01-03 01:17:35', '13.701485', '100.3879543'),
(817, 11, '2019-01-03 01:17:36', '2019-01-03 01:23:32', '13.7014856', '100.3879542'),
(818, 11, '2019-01-03 01:23:33', '2019-01-03 08:04:43', '13.7014872', '100.3879544'),
(819, 11, '2019-01-03 08:04:43', '2019-01-03 11:27:23', '13.7014865', '100.3879554'),
(820, 11, '2019-01-03 11:27:24', '2019-01-03 11:27:37', '13.7014849', '100.3879664'),
(821, 11, '2019-01-03 14:05:00', '2019-01-03 14:06:41', '13.7186888', '100.5089683'),
(822, 48, '2019-01-03 22:25:20', '2019-01-03 22:28:35', '13.7014544', '100.3879633'),
(823, 48, '2019-01-03 22:38:08', '2019-01-03 22:38:16', '13.7084619', '100.3776876'),
(824, 75, '2019-01-03 22:45:57', '2019-01-03 22:49:07', '13.708149', '100.3766347'),
(825, 75, '2019-01-03 22:49:19', '2019-01-03 22:58:41', '13.7084619', '100.3776876'),
(826, 48, '2019-01-03 22:59:06', '2019-01-03 23:05:26', '13.7084619', '100.3776876'),
(827, 11, '2019-01-03 22:59:44', '2019-01-03 23:20:40', '13.7014544', '100.3879633'),
(828, 48, '2019-01-03 23:05:40', '2019-01-03 23:06:08', '13.7084619', '100.3776876'),
(829, 48, '2019-01-03 23:06:08', '2019-01-03 23:18:43', '13.708149', '100.3766347'),
(830, 48, '2019-01-03 23:18:44', '2019-01-03 23:20:18', '13.7084619', '100.3776876'),
(831, 48, '2019-01-03 23:20:18', '2019-01-03 23:25:26', '13.7084619', '100.3776876'),
(832, 6, '2019-01-03 23:20:56', '2019-01-03 23:29:59', '13.708037644673189', '100.37679958545498'),
(833, 48, '2019-01-03 23:25:27', '2019-01-03 23:30:48', '13.7084619', '100.3776876'),
(834, 6, '2019-01-03 23:29:59', '2019-01-06 00:44:21', '13.70803712587587', '100.37680453553678'),
(835, 48, '2019-01-03 23:30:49', '2019-01-07 15:49:29', '13.708149', '100.3766347'),
(836, 11, '2019-01-05 10:52:56', '2019-01-05 11:05:32', '13.7014735', '100.3879449'),
(837, 11, '2019-01-05 11:05:32', '2019-01-05 11:29:34', '13.7014732', '100.3879469'),
(838, 11, '2019-01-05 11:29:34', '2019-01-05 11:38:26', '13.7014744', '100.3879459'),
(839, 11, '2019-01-05 11:38:27', '2019-01-05 11:44:10', '13.7014736', '100.3879464'),
(840, 11, '2019-01-05 11:44:11', '2019-01-05 11:46:28', '13.7014722', '100.3879469'),
(841, 11, '2019-01-05 11:46:28', '2019-01-05 11:47:07', '13.7014722', '100.3879469'),
(842, 11, '2019-01-05 11:47:08', '2019-01-05 11:57:01', '13.7014722', '100.3879469'),
(843, 11, '2019-01-05 11:57:02', '2019-01-05 12:02:50', '13.7014846', '100.3879556'),
(844, 11, '2019-01-05 12:02:50', '2019-01-05 12:05:24', '13.7014723', '100.3879483'),
(845, 11, '2019-01-05 12:05:24', '2019-01-05 13:37:24', '13.7014845', '100.3879554'),
(846, 11, '2019-01-05 13:37:25', '2019-01-05 13:39:49', '13.7014802', '100.3879662'),
(847, 11, '2019-01-05 13:39:50', '2019-01-05 13:48:07', '13.7014729', '100.3879465'),
(848, 11, '2019-01-05 13:51:51', '2019-01-05 14:05:32', '13.7014728', '100.3879469'),
(849, 11, '2019-01-05 14:05:33', '2019-01-05 14:06:14', '13.7014724', '100.3879453'),
(850, 11, '2019-01-05 14:07:44', '2019-01-05 14:08:06', '13.7014729', '100.3879465'),
(851, 78, '2019-01-05 14:08:22', '2019-01-05 14:12:30', '13.7014731', '100.3879461'),
(852, 78, '2019-01-05 14:12:30', '2019-01-05 14:13:27', '13.7014733', '100.387947'),
(853, 11, '2019-01-05 14:13:37', '2019-01-05 14:13:47', '13.7014727', '100.3879466'),
(854, 78, '2019-01-05 14:13:58', '2019-01-05 14:17:18', '13.7014734', '100.3879464'),
(855, 11, '2019-01-05 14:17:27', '2019-01-05 14:22:22', '13.7014729', '100.3879465'),
(856, 11, '2019-01-05 14:22:22', '2019-01-05 14:32:42', '13.7014736', '100.387947'),
(857, 11, '2019-01-05 14:32:42', '2019-01-05 14:35:04', '13.701467', '100.3879325'),
(858, 11, '2019-01-05 14:35:04', '2019-01-05 14:46:41', '13.7014522', '100.3879334'),
(859, 11, '2019-01-05 14:47:44', '2019-01-05 14:49:07', '13.7014732', '100.3879462'),
(860, 11, '2019-01-05 14:49:18', '2019-01-05 15:10:08', '13.7014733', '100.3879466'),
(861, 11, '2019-01-05 15:10:08', '2019-01-05 15:12:48', '13.7014846', '100.3879547'),
(862, 11, '2019-01-05 15:12:48', '2019-01-05 21:50:56', '13.701473', '100.3879473'),
(863, 11, '2019-01-05 21:50:57', '2019-01-05 21:54:02', '13.7014846', '100.3879565'),
(864, 11, '2019-01-05 21:54:02', '2019-01-05 22:00:46', '13.7014734', '100.3879465'),
(865, 11, '2019-01-05 22:00:46', '2019-01-05 22:04:31', '13.7014721', '100.3879456'),
(866, 11, '2019-01-05 22:04:31', '2019-01-05 22:07:42', '13.7014857', '100.3879553'),
(867, 11, '2019-01-05 22:07:42', '2019-01-05 22:10:04', '13.7014657', '100.3879428'),
(868, 11, '2019-01-05 22:10:05', '2019-01-05 22:12:17', '13.701451', '100.3879541'),
(869, 11, '2019-01-05 22:12:17', '2019-01-05 22:19:46', '13.7014722', '100.3879456'),
(870, 11, '2019-01-05 22:19:46', '2019-01-05 22:23:44', '13.7014726', '100.3879455'),
(871, 11, '2019-01-05 22:23:44', '2019-01-05 22:30:47', '13.7014852', '100.3879557'),
(872, 11, '2019-01-05 22:30:47', '2019-01-05 22:33:53', '13.7014863', '100.3879564'),
(873, 11, '2019-01-05 22:33:53', '2019-01-05 22:36:43', '13.7014803', '100.3879671'),
(874, 11, '2019-01-05 22:36:43', '2019-01-05 22:41:09', '13.7014711', '100.3879467'),
(875, 11, '2019-01-05 22:41:09', '2019-01-05 22:48:39', '13.7014734', '100.3879461'),
(876, 11, '2019-01-05 22:48:40', '2019-01-05 22:50:36', '13.7014854', '100.3879526'),
(877, 11, '2019-01-05 22:50:37', '2019-01-05 22:52:03', '13.7014634', '100.3879553'),
(878, 11, '2019-01-05 22:52:04', '2019-01-05 22:54:01', '13.7014674', '100.3879593'),
(879, 11, '2019-01-05 22:54:02', '2019-01-05 22:55:40', '13.701473', '100.3879458'),
(880, 96, '2019-01-06 00:34:27', '2019-01-06 00:34:31', '13.7014686', '100.3879601'),
(881, 96, '2019-01-06 00:35:59', '2019-01-06 00:36:15', '13.7014801', '100.3879687'),
(882, 96, '2019-01-06 00:36:25', '2019-01-06 00:44:05', '13.7014691', '100.3879619'),
(883, 6, '2019-01-06 00:44:21', '2019-01-06 00:45:40', '13.7014544', '100.3879633'),
(884, 96, '2019-01-07 14:34:03', '2019-01-07 14:36:08', '13.7014544', '100.3879633'),
(885, 11, '2019-01-07 14:38:11', '2019-01-07 14:58:27', '13.7186889', '100.5089684'),
(886, 11, '2019-01-07 14:58:28', '2019-01-08 15:34:55', '13.7186892', '100.5089688'),
(887, 2, '2019-01-07 15:47:29', '2019-01-07 15:48:17', '13.7014544', '100.3879633'),
(888, 2, '2019-01-07 15:48:39', '2019-01-07 15:49:13', '13.7260538', '100.582658'),
(889, 48, '2019-01-07 15:49:29', '2019-01-08 18:36:22', '13.7014544', '100.3879633'),
(890, 11, '2019-01-08 15:34:55', '2019-01-08 15:49:06', '13.7186919', '100.5089862'),
(891, 11, '2019-01-08 15:55:40', '2019-01-08 16:05:01', '13.7187196', '100.508973'),
(892, 11, '2019-01-08 16:05:01', '2019-01-08 16:07:07', '13.7187198', '100.5089733'),
(893, 11, '2019-01-08 16:07:07', '2019-01-08 16:12:56', '13.7187195', '100.5089727'),
(894, 11, '2019-01-08 16:12:56', '2019-01-08 16:29:00', '13.7187197', '100.5089728'),
(895, 11, '2019-01-08 16:29:01', '2019-01-08 16:31:01', '13.7187198', '100.5089731'),
(896, 11, '2019-01-08 16:31:01', '2019-01-08 16:57:37', '13.7187196', '100.5089729'),
(897, 11, '2019-01-08 17:04:49', '2019-01-08 17:11:34', '13.7187197', '100.5089731'),
(898, 11, '2019-01-08 17:11:34', '2019-01-08 17:13:54', '13.7187195', '100.5089726'),
(899, 11, '2019-01-08 17:13:54', '2019-01-08 17:16:12', '13.7187272', '100.5089811'),
(900, 11, '2019-01-08 17:16:12', '2019-01-08 17:24:05', '13.7187196', '100.508973'),
(901, 11, '2019-01-08 17:24:05', '2019-01-08 17:25:06', '13.7187198', '100.5089731'),
(902, 11, '2019-01-08 17:26:20', '2019-01-08 21:36:10', '13.7187198', '100.5089732'),
(903, 48, '2019-01-08 18:36:22', '2019-01-08 18:38:53', '13.7014544', '100.3879633'),
(904, 48, '2019-01-08 18:52:35', '2019-01-08 23:43:11', '13.7261995', '100.5826297'),
(905, 11, '2019-01-08 21:36:11', '2019-01-08 21:42:21', '13.7014794', '100.3879685'),
(906, 11, '2019-01-08 21:42:21', '2019-01-08 21:58:58', '13.7014845', '100.3879667'),
(907, 11, '2019-01-08 21:58:58', '2019-01-08 22:06:52', '13.7014848', '100.3879677'),
(908, 11, '2019-01-08 22:06:52', '2019-01-08 22:07:31', '13.7014812', '100.3879694'),
(909, 11, '2019-01-08 22:07:32', '2019-01-08 22:13:20', '13.7014812', '100.3879694'),
(910, 11, '2019-01-08 22:13:20', '2019-01-08 22:22:03', '13.7014812', '100.3879694'),
(911, 11, '2019-01-08 22:22:03', '2019-01-08 22:24:25', '13.752782', '100.522993'),
(912, 11, '2019-01-08 22:24:26', '2019-01-08 22:32:07', '13.752782', '100.522993'),
(913, 11, '2019-01-08 22:32:08', '2019-01-08 22:36:41', '13.752782', '100.522993'),
(914, 11, '2019-01-08 22:36:41', '2019-01-08 22:42:13', '13.752782', '100.522993'),
(915, 11, '2019-01-08 22:42:13', '2019-01-08 22:50:55', '13.752782', '100.522993'),
(916, 11, '2019-01-08 22:50:56', '2019-01-08 22:59:24', '13.752782', '100.522993'),
(917, 11, '2019-01-08 22:59:24', '2019-01-08 23:05:27', '13.752782', '100.522993'),
(918, 11, '2019-01-08 23:05:27', '2019-01-08 23:06:57', '13.7014836', '100.3879676'),
(919, 11, '2019-01-08 23:06:57', '2019-01-08 23:10:21', '13.752782', '100.522993'),
(920, 11, '2019-01-08 23:10:21', '2019-01-08 23:13:53', '13.752782', '100.522993'),
(921, 11, '2019-01-08 23:13:54', '2019-01-08 23:16:52', '13.7014921', '100.3879757'),
(922, 11, '2019-01-08 23:16:52', '2019-01-08 23:26:55', '13.752782', '100.522993'),
(923, 11, '2019-01-08 23:26:55', '2019-01-08 23:31:33', '13.7014849', '100.3879658'),
(924, 11, '2019-01-08 23:32:12', '2019-01-08 23:32:58', '13.7014932', '100.3879747'),
(925, 11, '2019-01-08 23:32:58', '2019-01-08 23:35:03', '13.7014843', '100.3879678'),
(926, 11, '2019-01-08 23:35:03', '2019-01-08 23:37:28', '13.7014845', '100.3879677'),
(927, 11, '2019-01-08 23:37:29', '2019-01-08 23:54:50', '13.7014925', '100.387975'),
(928, 48, '2019-01-08 23:43:11', '2019-01-08 23:43:46', '13.7014544', '100.3879633'),
(929, 48, '2019-01-08 23:43:47', '2019-01-08 23:44:51', '13.7117463', '100.3534232'),
(930, 48, '2019-01-08 23:44:52', '2019-01-08 23:45:29', '13.7117514', '100.3533308'),
(931, 102, '2019-01-08 23:45:44', '2019-01-08 23:49:46', '13.7117514', '100.3533308'),
(932, 102, '2019-01-08 23:49:47', '2019-01-08 23:50:15', '13.71173782', '100.35332634'),
(933, 102, '2019-01-08 23:50:15', '2019-01-08 23:53:25', '13.7116939', '100.35331178'),
(934, 102, '2019-01-08 23:53:25', '2019-01-09 00:06:10', '13.7117362', '100.3534456'),
(935, 11, '2019-01-08 23:54:50', '2019-01-08 23:57:11', '13.7014544', '100.3879633'),
(936, 48, '2019-01-08 23:55:55', '2019-01-08 23:56:49', '13.7014544', '100.3879633'),
(937, 48, '2019-01-08 23:56:50', '2019-01-09 00:01:48', '13.7117772', '100.3535282'),
(938, 11, '2019-01-08 23:57:11', '2019-01-08 23:57:41', '13.7014841', '100.3879668'),
(939, 11, '2019-01-08 23:57:41', '2019-01-08 23:58:14', '13.7014841', '100.3879671'),
(940, 11, '2019-01-08 23:58:53', '2019-01-08 23:59:38', '13.7014841', '100.3879671'),
(941, 11, '2019-01-09 00:01:19', '2019-01-09 00:09:13', '13.7014847', '100.3879665'),
(942, 48, '2019-01-09 00:01:48', '2019-01-09 00:02:28', '13.7014544', '100.3879633'),
(943, 48, '2019-01-09 00:02:28', '2019-01-09 00:05:42', '13.7117487', '100.3533891'),
(944, 102, '2019-01-09 00:06:10', '0000-00-00 00:00:00', '13.7014544', '100.3879633'),
(945, 11, '2019-01-09 00:09:14', '2019-01-09 00:10:05', '13.7014841', '100.3879667'),
(946, 11, '2019-01-09 00:10:05', '2019-01-09 00:15:30', '13.7014837', '100.3879681'),
(947, 11, '2019-01-09 00:15:30', '2019-01-09 00:17:04', '13.7014544', '100.3879633'),
(948, 11, '2019-01-09 00:17:05', '2019-01-09 00:19:02', '13.7014544', '100.3879633'),
(949, 48, '2019-01-09 00:18:54', '2019-01-09 00:22:24', '13.7117672', '100.3535235'),
(950, 11, '2019-01-09 00:19:02', '2019-01-09 00:19:25', '13.7014846', '100.3879558'),
(951, 11, '2019-01-09 00:19:25', '2019-01-09 00:29:04', '13.7014846', '100.3879558'),
(952, 48, '2019-01-09 00:22:24', '2019-01-09 00:23:15', '13.7117501', '100.3534156'),
(953, 48, '2019-01-09 00:23:15', '2019-01-09 21:07:27', '13.7117746', '100.3535589'),
(954, 11, '2019-01-09 00:29:04', '2019-01-09 00:32:08', '13.7014544', '100.3879633'),
(955, 11, '2019-01-09 00:32:08', '2019-01-09 00:35:15', '13.7014831', '100.3879673'),
(956, 11, '2019-01-09 00:35:15', '2019-01-09 00:35:53', '13.7014829', '100.3879674'),
(957, 11, '2019-01-09 00:35:53', '2019-01-09 00:36:47', '13.7014832', '100.3879674'),
(958, 11, '2019-01-09 00:38:42', '2019-01-09 00:39:04', '13.7014544', '100.3879633'),
(959, 11, '2019-01-09 00:39:41', '2019-01-09 00:41:22', '13.7014827', '100.387965'),
(960, 11, '2019-01-09 00:41:23', '2019-01-09 09:28:48', '13.7014826', '100.3879647'),
(961, 11, '2019-01-09 09:28:48', '2019-01-09 10:12:12', '13.7187189', '100.5089721'),
(962, 11, '2019-01-09 10:12:12', '2019-01-09 10:13:26', '13.7014544', '100.3879633'),
(963, 11, '2019-01-09 10:13:26', '2019-01-09 10:13:35', '13.719213136681596', '100.50910643380668'),
(964, 11, '2019-01-09 10:13:36', '2019-01-09 10:13:45', '13.719213136681596', '100.50910643380668'),
(965, 11, '2019-01-09 10:13:45', '2019-01-09 10:15:31', '13.719213136681596', '100.50910643380668'),
(966, 11, '2019-01-09 10:16:36', '2019-01-09 10:18:33', '13.719213136681596', '100.50910643380668'),
(967, 11, '2019-01-09 10:18:33', '2019-01-09 10:19:20', '13.719179386827811', '100.50918774563172'),
(968, 11, '2019-01-09 10:19:21', '2019-01-09 10:50:41', '13.719179386827811', '100.50918774563172'),
(969, 11, '2019-01-09 10:50:42', '2019-01-09 10:58:08', '13.719211836687583', '100.50917571098263'),
(970, 11, '2019-01-09 10:58:09', '2019-01-09 11:00:39', '13.719211836687583', '100.50917571098263'),
(971, 11, '2019-01-09 11:00:39', '2019-01-09 11:01:37', '13.719211836687583', '100.50917571098263'),
(972, 11, '2019-01-09 11:01:37', '2019-01-09 11:14:21', '13.719211836687583', '100.50917571098263'),
(973, 11, '2019-01-09 11:14:21', '2019-01-09 11:15:58', '13.719211836687583', '100.50917571098263'),
(974, 11, '2019-01-09 11:20:12', '2019-01-09 11:25:34', '13.719211836687583', '100.50917571098263'),
(975, 11, '2019-01-09 11:25:34', '2019-01-09 11:28:52', '13.719211836687583', '100.50917571098263'),
(976, 11, '2019-01-09 11:28:53', '2019-01-09 11:39:32', '13.719364056774218', '100.5092461569301'),
(977, 11, '2019-01-09 11:39:32', '2019-01-09 11:40:47', '13.719364056774218', '100.5092461569301'),
(978, 11, '2019-01-09 11:57:34', '2019-01-09 11:59:34', '13.7187193', '100.5089725'),
(979, 11, '2019-01-09 11:59:35', '2019-01-09 15:55:12', '13.7014544', '100.3879633'),
(980, 11, '2019-01-09 15:55:12', '2019-01-09 15:58:38', '13.7014544', '100.3879633'),
(981, 11, '2019-01-09 15:58:38', '2019-01-09 16:08:08', '13.7014544', '100.3879633'),
(982, 11, '2019-01-09 16:08:09', '2019-01-09 16:14:46', '13.7014544', '100.3879633'),
(983, 11, '2019-01-09 16:14:46', '2019-01-09 16:17:54', '13.7014544', '100.3879633'),
(984, 11, '2019-01-09 16:17:54', '2019-01-09 16:18:42', '13.7014544', '100.3879633'),
(985, 11, '2019-01-09 16:18:42', '2019-01-09 16:19:03', '13.7014544', '100.3879633'),
(986, 11, '2019-01-09 16:19:03', '2019-01-09 16:19:41', '13.7014544', '100.3879633'),
(987, 11, '2019-01-09 16:19:41', '2019-01-09 16:20:15', '13.7014544', '100.3879633'),
(988, 11, '2019-01-09 16:20:15', '2019-01-09 16:21:11', '13.7014544', '100.3879633'),
(989, 11, '2019-01-09 16:21:11', '2019-01-09 16:21:23', '13.7014544', '100.3879633'),
(990, 11, '2019-01-09 16:21:23', '2019-01-09 16:24:33', '13.7014544', '100.3879633'),
(991, 11, '2019-01-09 16:24:34', '2019-01-09 16:25:33', '13.7014544', '100.3879633'),
(992, 11, '2019-01-09 16:25:33', '2019-01-09 16:27:06', '13.7014544', '100.3879633'),
(993, 11, '2019-01-09 16:27:07', '2019-01-09 16:28:16', '13.7014544', '100.3879633'),
(994, 11, '2019-01-09 16:28:16', '2019-01-09 16:29:39', '13.7014544', '100.3879633'),
(995, 11, '2019-01-09 16:29:40', '2019-01-09 16:29:59', '13.7014544', '100.3879633'),
(996, 11, '2019-01-09 16:30:00', '2019-01-09 16:30:08', '13.7014544', '100.3879633'),
(997, 11, '2019-01-09 16:30:08', '2019-01-09 16:30:14', '13.7014544', '100.3879633'),
(998, 11, '2019-01-09 16:30:15', '2019-01-09 16:31:14', '13.7014544', '100.3879633'),
(999, 11, '2019-01-09 16:31:14', '2019-01-09 16:31:44', '13.7014544', '100.3879633'),
(1000, 11, '2019-01-09 16:31:45', '2019-01-09 16:32:43', '13.7014544', '100.3879633'),
(1001, 11, '2019-01-09 16:32:44', '2019-01-09 16:33:34', '13.7014544', '100.3879633'),
(1002, 11, '2019-01-09 16:33:34', '2019-01-09 16:35:42', '13.7014544', '100.3879633'),
(1003, 11, '2019-01-09 16:35:42', '2019-01-09 16:36:27', '13.7014544', '100.3879633'),
(1004, 11, '2019-01-09 16:36:27', '2019-01-09 16:36:46', '13.7014544', '100.3879633'),
(1005, 11, '2019-01-09 16:36:47', '2019-01-09 16:36:59', '13.7014544', '100.3879633'),
(1006, 11, '2019-01-09 16:37:00', '2019-01-09 16:37:31', '13.7014544', '100.3879633'),
(1007, 11, '2019-01-09 16:37:31', '2019-01-09 16:37:46', '13.7014544', '100.3879633'),
(1008, 11, '2019-01-09 16:37:47', '2019-01-09 16:38:18', '13.7014544', '100.3879633'),
(1009, 11, '2019-01-09 16:38:18', '2019-01-09 16:44:45', '13.7014544', '100.3879633'),
(1010, 11, '2019-01-09 16:44:45', '2019-01-09 16:47:43', '13.7014544', '100.3879633'),
(1011, 11, '2019-01-09 16:47:43', '2019-01-09 16:51:41', '13.7014544', '100.3879633'),
(1012, 11, '2019-01-09 16:51:41', '2019-01-09 16:53:26', '13.7014544', '100.3879633'),
(1013, 11, '2019-01-09 16:53:26', '2019-01-09 16:53:55', '13.7014544', '100.3879633'),
(1014, 11, '2019-01-09 16:53:56', '2019-01-09 16:54:59', '13.7014544', '100.3879633'),
(1015, 11, '2019-01-09 16:54:59', '2019-01-09 16:55:50', '13.7014544', '100.3879633'),
(1016, 11, '2019-01-09 16:55:50', '2019-01-09 16:57:26', '13.7014544', '100.3879633'),
(1017, 11, '2019-01-09 16:57:26', '2019-01-09 16:57:47', '13.7014544', '100.3879633'),
(1018, 11, '2019-01-09 16:57:50', '2019-01-09 17:01:39', '13.7014544', '100.3879633'),
(1019, 11, '2019-01-09 17:01:40', '2019-01-09 17:02:44', '13.7014544', '100.3879633'),
(1020, 11, '2019-01-09 17:02:44', '2019-01-09 17:05:14', '13.7014544', '100.3879633'),
(1021, 11, '2019-01-09 17:05:15', '2019-01-09 17:05:49', '13.7014544', '100.3879633'),
(1022, 11, '2019-01-09 17:05:49', '2019-01-09 17:06:13', '13.7014544', '100.3879633'),
(1023, 11, '2019-01-09 17:06:13', '2019-01-09 20:24:27', '13.7014544', '100.3879633'),
(1024, 11, '2019-01-09 20:24:27', '2019-01-09 20:27:50', '13.7014798', '100.3879682'),
(1025, 11, '2019-01-09 20:27:50', '2019-01-09 20:32:39', '13.701484', '100.387967'),
(1026, 11, '2019-01-09 20:32:39', '2019-01-09 20:44:19', '13.7014792', '100.387968'),
(1027, 11, '2019-01-09 20:44:19', '2019-01-09 20:50:13', '13.7014796', '100.3879669'),
(1028, 11, '2019-01-09 20:50:13', '2019-01-09 21:00:35', '13.7014765', '100.3879536'),
(1029, 11, '2019-01-09 21:00:35', '2019-01-09 21:09:42', '13.7014761', '100.3879548'),
(1030, 48, '2019-01-09 21:07:27', '2019-01-09 21:08:27', '13.7014544', '100.3879633'),
(1031, 48, '2019-01-09 21:08:27', '2019-01-09 21:10:20', '13.7117244', '100.3533693'),
(1032, 11, '2019-01-09 21:09:43', '2019-01-09 21:22:32', '13.7014764', '100.3879545'),
(1033, 48, '2019-01-09 21:10:20', '2019-01-09 21:30:50', '13.7117595', '100.3535043'),
(1034, 11, '2019-01-09 21:22:33', '2019-01-09 21:45:38', '13.7014766', '100.3879546'),
(1035, 2, '2019-01-09 21:30:17', '2019-01-09 21:30:38', '13.7014544', '100.3879633'),
(1036, 48, '2019-01-09 21:30:50', '2019-01-09 21:42:01', '13.7014544', '100.3879633'),
(1037, 48, '2019-01-09 21:42:01', '2019-01-10 10:19:11', '13.7116494', '100.3532722'),
(1038, 11, '2019-01-09 21:45:38', '2019-01-09 22:01:32', '13.7014544', '100.3879633'),
(1039, 11, '2019-01-09 22:01:32', '2019-01-09 22:06:17', '13.7014544', '100.3879633'),
(1040, 48, '2019-01-10 10:19:11', '2019-01-31 11:45:34', '13.758598', '100.5093502'),
(1041, 11, '2019-01-14 22:31:57', '2019-01-14 22:33:21', '13.7014544', '100.3879633'),
(1042, 11, '2019-01-14 22:33:21', '2019-01-17 16:16:28', '13.701485499999999', '100.3879637'),
(1043, 11, '2019-01-17 16:16:28', '2019-01-17 16:19:18', '13.7014766', '100.3879546'),
(1044, 11, '2019-01-17 16:19:19', '2019-01-17 16:24:49', '13.7014766', '100.3879546'),
(1045, 11, '2019-01-17 16:24:49', '2019-01-17 16:26:36', '13.7014766', '100.3879546'),
(1046, 11, '2019-01-17 16:26:36', '2019-01-17 16:28:51', '13.7014766', '100.3879546'),
(1047, 11, '2019-01-17 16:28:52', '2019-01-17 16:33:42', '13.7014766', '100.3879546'),
(1048, 11, '2019-01-17 16:33:42', '2019-01-17 16:36:29', '13.7014766', '100.3879546'),
(1049, 11, '2019-01-17 16:36:29', '2019-01-17 20:33:53', '13.7014766', '100.3879546'),
(1050, 11, '2019-01-17 20:33:53', '2019-01-17 20:35:36', '13.7014766', '100.3879546'),
(1051, 11, '2019-01-17 20:35:37', '2019-01-17 20:37:41', '13.7014766', '100.3879546'),
(1052, 11, '2019-01-17 20:37:41', '2019-01-17 20:38:19', '13.7014766', '100.3879546'),
(1053, 11, '2019-01-17 20:39:04', '2019-01-17 20:42:19', '13.7014766', '100.3879546'),
(1054, 11, '2019-01-17 20:42:19', '2019-01-17 20:43:38', '13.7014766', '100.3879546'),
(1055, 11, '2019-01-17 20:43:39', '2019-01-17 20:47:59', '13.7014766', '100.3879546'),
(1056, 11, '2019-01-17 20:47:59', '2019-01-17 20:51:15', '13.7014766', '100.3879546'),
(1057, 11, '2019-01-17 20:51:15', '2019-01-17 21:03:57', '13.7014766', '100.3879546'),
(1058, 11, '2019-01-17 21:03:58', '2019-01-17 21:05:58', '13.7014766', '100.3879546'),
(1059, 11, '2019-01-17 21:05:58', '2019-01-17 21:10:44', '13.7014766', '100.3879546'),
(1060, 11, '2019-01-17 21:10:44', '2019-01-17 21:12:35', '13.7014766', '100.3879546'),
(1061, 11, '2019-01-17 21:12:35', '2019-01-17 21:16:59', '13.7014766', '100.3879546'),
(1062, 11, '2019-01-17 21:16:59', '2019-01-17 21:18:12', '13.7014766', '100.3879546'),
(1063, 11, '2019-01-17 21:18:13', '2019-01-17 21:19:08', '13.7014766', '100.3879546'),
(1064, 11, '2019-01-17 21:19:09', '2019-01-17 21:20:14', '13.7014544', '100.3879633'),
(1065, 11, '2019-01-17 21:20:14', '2019-01-17 21:20:50', '13.7014544', '100.3879633'),
(1066, 11, '2019-01-17 21:20:51', '2019-01-17 21:23:15', '13.7014544', '100.3879633'),
(1067, 11, '2019-01-17 21:23:15', '2019-01-17 21:37:52', '13.7014544', '100.3879633'),
(1068, 11, '2019-01-17 21:37:52', '2019-01-17 21:40:16', '13.7014544', '100.3879633'),
(1069, 11, '2019-01-17 21:40:16', '2019-01-17 21:58:55', '13.7014544', '100.3879633'),
(1070, 11, '2019-01-17 21:58:55', '2019-01-17 22:06:49', '13.7014544', '100.3879633'),
(1071, 11, '2019-01-17 22:06:49', '2019-01-17 22:26:02', '13.7014544', '100.3879633'),
(1072, 11, '2019-01-17 22:26:03', '2019-01-18 00:26:20', '13.7014544', '100.3879633'),
(1073, 11, '2019-01-18 00:26:20', '2019-01-18 15:51:21', '13.7014778', '100.3879564'),
(1074, 11, '2019-01-18 15:51:21', '2019-01-24 00:09:44', '13.7187195', '100.5089722'),
(1075, 11, '2019-01-24 00:09:44', '2019-01-31 00:29:28', '13.7014544', '100.3879633'),
(1076, 11, '2019-01-31 00:29:29', '2019-02-04 12:02:16', '13.7014544', '100.3879633'),
(1077, 48, '2019-01-31 11:45:34', '2019-02-03 18:26:19', '13.7014544', '100.3879633'),
(1078, 48, '2019-02-03 18:26:20', '2019-02-04 10:03:19', '13.7117504', '100.3533356'),
(1079, 48, '2019-02-04 10:03:21', '2019-02-04 13:45:55', '13.7117504', '100.3533356'),
(1080, 11, '2019-02-04 12:02:17', '2019-02-04 13:16:15', '13.7014544', '100.3879633'),
(1081, 11, '2019-02-04 13:16:16', '2019-02-04 13:19:29', '13.7187194', '100.5089732'),
(1082, 11, '2019-02-04 13:19:30', '2019-02-04 13:31:53', '13.7187194', '100.5089725'),
(1083, 11, '2019-02-04 13:31:53', '2019-02-04 13:40:23', '13.7014544', '100.3879633'),
(1084, 11, '2019-02-04 13:40:23', '2019-02-04 13:41:38', '13.7014544', '100.3879633'),
(1085, 11, '2019-02-04 13:41:38', '2019-02-04 13:42:47', '13.7014544', '100.3879633'),
(1086, 11, '2019-02-04 13:42:47', '2019-02-04 13:47:36', '13.7014544', '100.3879633'),
(1087, 48, '2019-02-04 13:45:55', '0000-00-00 00:00:00', '13.80509336', '100.42110449'),
(1088, 11, '2019-02-04 13:47:37', '0000-00-00 00:00:00', '13.7014544', '100.3879633');

-- --------------------------------------------------------

--
-- Table structure for table `maintenance`
--

CREATE TABLE `maintenance` (
  `id` tinyint(1) NOT NULL,
  `status` tinyint(1) NOT NULL
) ENGINE=InnoDB DEFAULT CHARSET=utf8;

--
-- Dumping data for table `maintenance`
--

INSERT INTO `maintenance` (`id`, `status`) VALUES
(1, 1);

-- --------------------------------------------------------

--
-- Table structure for table `omise_log`
--

CREATE TABLE `omise_log` (
  `id` bigint(20) NOT NULL,
  `user_id` int(11) NOT NULL,
  `log` longtext NOT NULL,
  `create_on` datetime NOT NULL
) ENGINE=InnoDB DEFAULT CHARSET=utf8;

--
-- Dumping data for table `omise_log`
--

INSERT INTO `omise_log` (`id`, `user_id`, `log`, `create_on`) VALUES
(1, 1, '{\"object\":\"charge\",\"id\":\"chrg_test_5czvp37vfmk6f9e5mpv\",\"livemode\":false,\"location\":\"\\/charges\\/chrg_test_5czvp37vfmk6f9e5mpv\",\"amount\":35000,\"currency\":\"thb\",\"description\":null,\"metadata\":[],\"status\":\"successful\",\"capture\":true,\"authorized\":true,\"reversed\":false,\"voided\":false,\"paid\":true,\"transaction\":\"trxn_test_5czvp3bctf1v0u19zg3\",\"refunded\":0,\"refunds\":{\"object\":\"list\",\"from\":\"1970-01-01T00:00:00Z\",\"to\":\"2018-08-20T12:18:02Z\",\"offset\":0,\"limit\":20,\"total\":0,\"order\":null,\"location\":\"\\/charges\\/chrg_test_5czvp37vfmk6f9e5mpv\\/refunds\",\"data\":[]},\"return_uri\":null,\"failure_code\":null,\"failure_message\":null,\"card\":{\"object\":\"card\",\"id\":\"card_test_5czvnrgz8ccrsi2s9hb\",\"livemode\":false,\"location\":\"\\/customers\\/cust_test_5czurufadziu0zsbdu0\\/cards\\/card_test_5czvnrgz8ccrsi2s9hb\",\"country\":\"th\",\"city\":null,\"postal_code\":null,\"financing\":\"credit\",\"bank\":\"SCB\",\"last_digits\":\"7603\",\"brand\":\"MasterCard\",\"expiration_month\":7,\"expiration_year\":2023,\"fingerprint\":\"7dmFkgwUcfIUgYbBB9cZotpx\\/VedTx9ZN07Awi22hrI=\",\"name\":\"Suttipong Ruanglitt\",\"security_code_check\":true,\"created\":\"2018-08-20T12:14:16Z\"},\"customer\":\"cust_test_5czurufadziu0zsbdu0\",\"ip\":null,\"dispute\":null,\"created\":\"2018-08-20T12:18:02Z\",\"source\":null,\"disputable\":true,\"capturable\":false,\"reversible\":false,\"refundable\":true,\"reference\":null,\"authorize_uri\":null}', '2018-08-20 19:18:01'),
(2, 1, '{\"object\":\"charge\",\"id\":\"chrg_test_5czvwmouehf52lo2uig\",\"livemode\":false,\"location\":\"\\/charges\\/chrg_test_5czvwmouehf52lo2uig\",\"amount\":20000,\"currency\":\"thb\",\"description\":null,\"metadata\":[],\"status\":\"successful\",\"capture\":true,\"authorized\":true,\"reversed\":false,\"voided\":false,\"paid\":true,\"transaction\":\"trxn_test_5czvwmrbo6ksf2z744v\",\"refunded\":0,\"refunds\":{\"object\":\"list\",\"from\":\"1970-01-01T00:00:00Z\",\"to\":\"2018-08-20T12:39:28Z\",\"offset\":0,\"limit\":20,\"total\":0,\"order\":null,\"location\":\"\\/charges\\/chrg_test_5czvwmouehf52lo2uig\\/refunds\",\"data\":[]},\"return_uri\":null,\"failure_code\":null,\"failure_message\":null,\"card\":{\"object\":\"card\",\"id\":\"card_test_5czvnrgz8ccrsi2s9hb\",\"livemode\":false,\"location\":\"\\/customers\\/cust_test_5czurufadziu0zsbdu0\\/cards\\/card_test_5czvnrgz8ccrsi2s9hb\",\"country\":\"th\",\"city\":null,\"postal_code\":null,\"financing\":\"credit\",\"bank\":\"SCB\",\"last_digits\":\"7603\",\"brand\":\"MasterCard\",\"expiration_month\":7,\"expiration_year\":2023,\"fingerprint\":\"7dmFkgwUcfIUgYbBB9cZotpx\\/VedTx9ZN07Awi22hrI=\",\"name\":\"Suttipong Ruanglitt\",\"security_code_check\":true,\"created\":\"2018-08-20T12:14:16Z\"},\"customer\":\"cust_test_5czurufadziu0zsbdu0\",\"ip\":null,\"dispute\":null,\"created\":\"2018-08-20T12:39:27Z\",\"source\":null,\"disputable\":true,\"capturable\":false,\"reversible\":false,\"refundable\":true,\"reference\":null,\"authorize_uri\":null}', '2018-08-20 19:39:27'),
(3, 1, '{\"object\":\"charge\",\"id\":\"chrg_test_5czvx1uviyzwmircj6m\",\"livemode\":false,\"location\":\"\\/charges\\/chrg_test_5czvx1uviyzwmircj6m\",\"amount\":20000,\"currency\":\"thb\",\"description\":null,\"metadata\":[],\"status\":\"successful\",\"capture\":true,\"authorized\":true,\"reversed\":false,\"voided\":false,\"paid\":true,\"transaction\":\"trxn_test_5czvx1xhe3j9v7j1m1v\",\"refunded\":0,\"refunds\":{\"object\":\"list\",\"from\":\"1970-01-01T00:00:00Z\",\"to\":\"2018-08-20T12:40:39Z\",\"offset\":0,\"limit\":20,\"total\":0,\"order\":null,\"location\":\"\\/charges\\/chrg_test_5czvx1uviyzwmircj6m\\/refunds\",\"data\":[]},\"return_uri\":null,\"failure_code\":null,\"failure_message\":null,\"card\":{\"object\":\"card\",\"id\":\"card_test_5czvnrgz8ccrsi2s9hb\",\"livemode\":false,\"location\":\"\\/customers\\/cust_test_5czurufadziu0zsbdu0\\/cards\\/card_test_5czvnrgz8ccrsi2s9hb\",\"country\":\"th\",\"city\":null,\"postal_code\":null,\"financing\":\"credit\",\"bank\":\"SCB\",\"last_digits\":\"7603\",\"brand\":\"MasterCard\",\"expiration_month\":7,\"expiration_year\":2023,\"fingerprint\":\"7dmFkgwUcfIUgYbBB9cZotpx\\/VedTx9ZN07Awi22hrI=\",\"name\":\"Suttipong Ruanglitt\",\"security_code_check\":true,\"created\":\"2018-08-20T12:14:16Z\"},\"customer\":\"cust_test_5czurufadziu0zsbdu0\",\"ip\":null,\"dispute\":null,\"created\":\"2018-08-20T12:40:39Z\",\"source\":null,\"disputable\":true,\"capturable\":false,\"reversible\":false,\"refundable\":true,\"reference\":null,\"authorize_uri\":null}', '2018-08-20 19:40:39'),
(4, 1, '{\"object\":\"charge\",\"id\":\"chrg_test_5czvxcaf1z1cy0730ac\",\"livemode\":false,\"location\":\"\\/charges\\/chrg_test_5czvxcaf1z1cy0730ac\",\"amount\":20000,\"currency\":\"thb\",\"description\":null,\"metadata\":[],\"status\":\"successful\",\"capture\":true,\"authorized\":true,\"reversed\":false,\"voided\":false,\"paid\":true,\"transaction\":\"trxn_test_5czvxccxxdhg2ui57gk\",\"refunded\":0,\"refunds\":{\"object\":\"list\",\"from\":\"1970-01-01T00:00:00Z\",\"to\":\"2018-08-20T12:41:29Z\",\"offset\":0,\"limit\":20,\"total\":0,\"order\":null,\"location\":\"\\/charges\\/chrg_test_5czvxcaf1z1cy0730ac\\/refunds\",\"data\":[]},\"return_uri\":null,\"failure_code\":null,\"failure_message\":null,\"card\":{\"object\":\"card\",\"id\":\"card_test_5czvnrgz8ccrsi2s9hb\",\"livemode\":false,\"location\":\"\\/customers\\/cust_test_5czurufadziu0zsbdu0\\/cards\\/card_test_5czvnrgz8ccrsi2s9hb\",\"country\":\"th\",\"city\":null,\"postal_code\":null,\"financing\":\"credit\",\"bank\":\"SCB\",\"last_digits\":\"7603\",\"brand\":\"MasterCard\",\"expiration_month\":7,\"expiration_year\":2023,\"fingerprint\":\"7dmFkgwUcfIUgYbBB9cZotpx\\/VedTx9ZN07Awi22hrI=\",\"name\":\"Suttipong Ruanglitt\",\"security_code_check\":true,\"created\":\"2018-08-20T12:14:16Z\"},\"customer\":\"cust_test_5czurufadziu0zsbdu0\",\"ip\":null,\"dispute\":null,\"created\":\"2018-08-20T12:41:28Z\",\"source\":null,\"disputable\":true,\"capturable\":false,\"reversible\":false,\"refundable\":true,\"reference\":null,\"authorize_uri\":null}', '2018-08-20 19:41:28'),
(5, 1, '{\"object\":\"charge\",\"id\":\"chrg_test_5czvxkcimabl4s0x1p2\",\"livemode\":false,\"location\":\"\\/charges\\/chrg_test_5czvxkcimabl4s0x1p2\",\"amount\":20000,\"currency\":\"thb\",\"description\":null,\"metadata\":[],\"status\":\"successful\",\"capture\":true,\"authorized\":true,\"reversed\":false,\"voided\":false,\"paid\":true,\"transaction\":\"trxn_test_5czvxkf5cxpv6enarcb\",\"refunded\":0,\"refunds\":{\"object\":\"list\",\"from\":\"1970-01-01T00:00:00Z\",\"to\":\"2018-08-20T12:42:07Z\",\"offset\":0,\"limit\":20,\"total\":0,\"order\":null,\"location\":\"\\/charges\\/chrg_test_5czvxkcimabl4s0x1p2\\/refunds\",\"data\":[]},\"return_uri\":null,\"failure_code\":null,\"failure_message\":null,\"card\":{\"object\":\"card\",\"id\":\"card_test_5czvnrgz8ccrsi2s9hb\",\"livemode\":false,\"location\":\"\\/customers\\/cust_test_5czurufadziu0zsbdu0\\/cards\\/card_test_5czvnrgz8ccrsi2s9hb\",\"country\":\"th\",\"city\":null,\"postal_code\":null,\"financing\":\"credit\",\"bank\":\"SCB\",\"last_digits\":\"7603\",\"brand\":\"MasterCard\",\"expiration_month\":7,\"expiration_year\":2023,\"fingerprint\":\"7dmFkgwUcfIUgYbBB9cZotpx\\/VedTx9ZN07Awi22hrI=\",\"name\":\"Suttipong Ruanglitt\",\"security_code_check\":true,\"created\":\"2018-08-20T12:14:16Z\"},\"customer\":\"cust_test_5czurufadziu0zsbdu0\",\"ip\":null,\"dispute\":null,\"created\":\"2018-08-20T12:42:07Z\",\"source\":null,\"disputable\":true,\"capturable\":false,\"reversible\":false,\"refundable\":true,\"reference\":null,\"authorize_uri\":null}', '2018-08-20 19:42:06'),
(6, 1, '{\"object\":\"charge\",\"id\":\"chrg_test_5czvxnrr9fii76ulndg\",\"livemode\":false,\"location\":\"\\/charges\\/chrg_test_5czvxnrr9fii76ulndg\",\"amount\":20000,\"currency\":\"thb\",\"description\":null,\"metadata\":[],\"status\":\"successful\",\"capture\":true,\"authorized\":true,\"reversed\":false,\"voided\":false,\"paid\":true,\"transaction\":\"trxn_test_5czvxntw7gk7pv0g99k\",\"refunded\":0,\"refunds\":{\"object\":\"list\",\"from\":\"1970-01-01T00:00:00Z\",\"to\":\"2018-08-20T12:42:23Z\",\"offset\":0,\"limit\":20,\"total\":0,\"order\":null,\"location\":\"\\/charges\\/chrg_test_5czvxnrr9fii76ulndg\\/refunds\",\"data\":[]},\"return_uri\":null,\"failure_code\":null,\"failure_message\":null,\"card\":{\"object\":\"card\",\"id\":\"card_test_5czvnrgz8ccrsi2s9hb\",\"livemode\":false,\"location\":\"\\/customers\\/cust_test_5czurufadziu0zsbdu0\\/cards\\/card_test_5czvnrgz8ccrsi2s9hb\",\"country\":\"th\",\"city\":null,\"postal_code\":null,\"financing\":\"credit\",\"bank\":\"SCB\",\"last_digits\":\"7603\",\"brand\":\"MasterCard\",\"expiration_month\":7,\"expiration_year\":2023,\"fingerprint\":\"7dmFkgwUcfIUgYbBB9cZotpx\\/VedTx9ZN07Awi22hrI=\",\"name\":\"Suttipong Ruanglitt\",\"security_code_check\":true,\"created\":\"2018-08-20T12:14:16Z\"},\"customer\":\"cust_test_5czurufadziu0zsbdu0\",\"ip\":null,\"dispute\":null,\"created\":\"2018-08-20T12:42:23Z\",\"source\":null,\"disputable\":true,\"capturable\":false,\"reversible\":false,\"refundable\":true,\"reference\":null,\"authorize_uri\":null}', '2018-08-20 19:42:23'),
(7, 1, '{\"object\":\"charge\",\"id\":\"chrg_test_5czvy12b125o5cpocui\",\"livemode\":false,\"location\":\"\\/charges\\/chrg_test_5czvy12b125o5cpocui\",\"amount\":20000,\"currency\":\"thb\",\"description\":null,\"metadata\":[],\"status\":\"successful\",\"capture\":true,\"authorized\":true,\"reversed\":false,\"voided\":false,\"paid\":true,\"transaction\":\"trxn_test_5czvy1505cq9nqo1tpb\",\"refunded\":0,\"refunds\":{\"object\":\"list\",\"from\":\"1970-01-01T00:00:00Z\",\"to\":\"2018-08-20T12:43:26Z\",\"offset\":0,\"limit\":20,\"total\":0,\"order\":null,\"location\":\"\\/charges\\/chrg_test_5czvy12b125o5cpocui\\/refunds\",\"data\":[]},\"return_uri\":null,\"failure_code\":null,\"failure_message\":null,\"card\":{\"object\":\"card\",\"id\":\"card_test_5czvnrgz8ccrsi2s9hb\",\"livemode\":false,\"location\":\"\\/customers\\/cust_test_5czurufadziu0zsbdu0\\/cards\\/card_test_5czvnrgz8ccrsi2s9hb\",\"country\":\"th\",\"city\":null,\"postal_code\":null,\"financing\":\"credit\",\"bank\":\"SCB\",\"last_digits\":\"7603\",\"brand\":\"MasterCard\",\"expiration_month\":7,\"expiration_year\":2023,\"fingerprint\":\"7dmFkgwUcfIUgYbBB9cZotpx\\/VedTx9ZN07Awi22hrI=\",\"name\":\"Suttipong Ruanglitt\",\"security_code_check\":true,\"created\":\"2018-08-20T12:14:16Z\"},\"customer\":\"cust_test_5czurufadziu0zsbdu0\",\"ip\":null,\"dispute\":null,\"created\":\"2018-08-20T12:43:26Z\",\"source\":null,\"disputable\":true,\"capturable\":false,\"reversible\":false,\"refundable\":true,\"reference\":null,\"authorize_uri\":null}', '2018-08-20 19:43:25'),
(8, 1, '{\"object\":\"charge\",\"id\":\"chrg_test_5czvy4a3d7s6je2jqo7\",\"livemode\":false,\"location\":\"\\/charges\\/chrg_test_5czvy4a3d7s6je2jqo7\",\"amount\":20000,\"currency\":\"thb\",\"description\":null,\"metadata\":[],\"status\":\"successful\",\"capture\":true,\"authorized\":true,\"reversed\":false,\"voided\":false,\"paid\":true,\"transaction\":\"trxn_test_5czvy4cjhd2gbj06zs8\",\"refunded\":0,\"refunds\":{\"object\":\"list\",\"from\":\"1970-01-01T00:00:00Z\",\"to\":\"2018-08-20T12:43:41Z\",\"offset\":0,\"limit\":20,\"total\":0,\"order\":null,\"location\":\"\\/charges\\/chrg_test_5czvy4a3d7s6je2jqo7\\/refunds\",\"data\":[]},\"return_uri\":null,\"failure_code\":null,\"failure_message\":null,\"card\":{\"object\":\"card\",\"id\":\"card_test_5czvnrgz8ccrsi2s9hb\",\"livemode\":false,\"location\":\"\\/customers\\/cust_test_5czurufadziu0zsbdu0\\/cards\\/card_test_5czvnrgz8ccrsi2s9hb\",\"country\":\"th\",\"city\":null,\"postal_code\":null,\"financing\":\"credit\",\"bank\":\"SCB\",\"last_digits\":\"7603\",\"brand\":\"MasterCard\",\"expiration_month\":7,\"expiration_year\":2023,\"fingerprint\":\"7dmFkgwUcfIUgYbBB9cZotpx\\/VedTx9ZN07Awi22hrI=\",\"name\":\"Suttipong Ruanglitt\",\"security_code_check\":true,\"created\":\"2018-08-20T12:14:16Z\"},\"customer\":\"cust_test_5czurufadziu0zsbdu0\",\"ip\":null,\"dispute\":null,\"created\":\"2018-08-20T12:43:41Z\",\"source\":null,\"disputable\":true,\"capturable\":false,\"reversible\":false,\"refundable\":true,\"reference\":null,\"authorize_uri\":null}', '2018-08-20 19:43:41'),
(9, 1, '{\"object\":\"charge\",\"id\":\"chrg_test_5czvye1mzpayf76i8zv\",\"livemode\":false,\"location\":\"\\/charges\\/chrg_test_5czvye1mzpayf76i8zv\",\"amount\":20000,\"currency\":\"thb\",\"description\":null,\"metadata\":[],\"status\":\"successful\",\"capture\":true,\"authorized\":true,\"reversed\":false,\"voided\":false,\"paid\":true,\"transaction\":\"trxn_test_5czvye4ebosrr1avo52\",\"refunded\":0,\"refunds\":{\"object\":\"list\",\"from\":\"1970-01-01T00:00:00Z\",\"to\":\"2018-08-20T12:44:28Z\",\"offset\":0,\"limit\":20,\"total\":0,\"order\":null,\"location\":\"\\/charges\\/chrg_test_5czvye1mzpayf76i8zv\\/refunds\",\"data\":[]},\"return_uri\":null,\"failure_code\":null,\"failure_message\":null,\"card\":{\"object\":\"card\",\"id\":\"card_test_5czvnrgz8ccrsi2s9hb\",\"livemode\":false,\"location\":\"\\/customers\\/cust_test_5czurufadziu0zsbdu0\\/cards\\/card_test_5czvnrgz8ccrsi2s9hb\",\"country\":\"th\",\"city\":null,\"postal_code\":null,\"financing\":\"credit\",\"bank\":\"SCB\",\"last_digits\":\"7603\",\"brand\":\"MasterCard\",\"expiration_month\":7,\"expiration_year\":2023,\"fingerprint\":\"7dmFkgwUcfIUgYbBB9cZotpx\\/VedTx9ZN07Awi22hrI=\",\"name\":\"Suttipong Ruanglitt\",\"security_code_check\":true,\"created\":\"2018-08-20T12:14:16Z\"},\"customer\":\"cust_test_5czurufadziu0zsbdu0\",\"ip\":null,\"dispute\":null,\"created\":\"2018-08-20T12:44:27Z\",\"source\":null,\"disputable\":true,\"capturable\":false,\"reversible\":false,\"refundable\":true,\"reference\":null,\"authorize_uri\":null}', '2018-08-20 19:44:27'),
(10, 1, '{\"object\":\"charge\",\"id\":\"chrg_test_5d2k3dc31f2k3yq02iy\",\"livemode\":false,\"location\":\"\\/charges\\/chrg_test_5d2k3dc31f2k3yq02iy\",\"amount\":43000,\"currency\":\"thb\",\"description\":null,\"metadata\":[],\"status\":\"successful\",\"capture\":true,\"authorized\":true,\"reversed\":false,\"voided\":false,\"paid\":true,\"transaction\":\"trxn_test_5d2k3ddogkl72r4ec0r\",\"refunded\":0,\"refunds\":{\"object\":\"list\",\"from\":\"1970-01-01T00:00:00Z\",\"to\":\"2018-08-27T08:36:16Z\",\"offset\":0,\"limit\":20,\"total\":0,\"order\":null,\"location\":\"\\/charges\\/chrg_test_5d2k3dc31f2k3yq02iy\\/refunds\",\"data\":[]},\"return_uri\":null,\"failure_code\":null,\"failure_message\":null,\"card\":{\"object\":\"card\",\"id\":\"card_test_5czvnrgz8ccrsi2s9hb\",\"livemode\":false,\"location\":\"\\/customers\\/cust_test_5czurufadziu0zsbdu0\\/cards\\/card_test_5czvnrgz8ccrsi2s9hb\",\"country\":\"th\",\"city\":null,\"postal_code\":null,\"financing\":\"credit\",\"bank\":\"SCB\",\"last_digits\":\"7603\",\"brand\":\"MasterCard\",\"expiration_month\":7,\"expiration_year\":2023,\"fingerprint\":\"7dmFkgwUcfIUgYbBB9cZotpx\\/VedTx9ZN07Awi22hrI=\",\"name\":\"Suttipong Ruanglitt\",\"security_code_check\":true,\"created\":\"2018-08-20T12:14:16Z\"},\"customer\":\"cust_test_5czurufadziu0zsbdu0\",\"ip\":null,\"dispute\":null,\"created\":\"2018-08-27T08:36:15Z\",\"source\":null,\"disputable\":true,\"capturable\":false,\"reversible\":false,\"refundable\":true,\"reference\":null,\"authorize_uri\":null}', '2018-08-27 15:36:15'),
(11, 1, '{\"object\":\"charge\",\"id\":\"chrg_test_5d2k3df50dvvmz40ygq\",\"livemode\":false,\"location\":\"\\/charges\\/chrg_test_5d2k3df50dvvmz40ygq\",\"amount\":205000,\"currency\":\"thb\",\"description\":null,\"metadata\":[],\"status\":\"successful\",\"capture\":true,\"authorized\":true,\"reversed\":false,\"voided\":false,\"paid\":true,\"transaction\":\"trxn_test_5d2k3dhx7885arlp03u\",\"refunded\":0,\"refunds\":{\"object\":\"list\",\"from\":\"1970-01-01T00:00:00Z\",\"to\":\"2018-08-27T08:36:16Z\",\"offset\":0,\"limit\":20,\"total\":0,\"order\":null,\"location\":\"\\/charges\\/chrg_test_5d2k3df50dvvmz40ygq\\/refunds\",\"data\":[]},\"return_uri\":null,\"failure_code\":null,\"failure_message\":null,\"card\":{\"object\":\"card\",\"id\":\"card_test_5czvnrgz8ccrsi2s9hb\",\"livemode\":false,\"location\":\"\\/customers\\/cust_test_5czurufadziu0zsbdu0\\/cards\\/card_test_5czvnrgz8ccrsi2s9hb\",\"country\":\"th\",\"city\":null,\"postal_code\":null,\"financing\":\"credit\",\"bank\":\"SCB\",\"last_digits\":\"7603\",\"brand\":\"MasterCard\",\"expiration_month\":7,\"expiration_year\":2023,\"fingerprint\":\"7dmFkgwUcfIUgYbBB9cZotpx\\/VedTx9ZN07Awi22hrI=\",\"name\":\"Suttipong Ruanglitt\",\"security_code_check\":true,\"created\":\"2018-08-20T12:14:16Z\"},\"customer\":\"cust_test_5czurufadziu0zsbdu0\",\"ip\":null,\"dispute\":null,\"created\":\"2018-08-27T08:36:16Z\",\"source\":null,\"disputable\":true,\"capturable\":false,\"reversible\":false,\"refundable\":true,\"reference\":null,\"authorize_uri\":null}', '2018-08-27 15:36:15'),
(12, 1, '{\"object\":\"charge\",\"id\":\"chrg_test_5d58gebr2atnp7c4dm2\",\"livemode\":false,\"location\":\"\\/charges\\/chrg_test_5d58gebr2atnp7c4dm2\",\"amount\":205000,\"currency\":\"thb\",\"description\":null,\"metadata\":[],\"status\":\"successful\",\"capture\":true,\"authorized\":true,\"reversed\":false,\"voided\":false,\"paid\":true,\"transaction\":\"trxn_test_5d58geelgp0z0y7vkml\",\"refunded\":0,\"refunds\":{\"object\":\"list\",\"from\":\"1970-01-01T00:00:00Z\",\"to\":\"2018-09-03T04:50:55Z\",\"offset\":0,\"limit\":20,\"total\":0,\"order\":null,\"location\":\"\\/charges\\/chrg_test_5d58gebr2atnp7c4dm2\\/refunds\",\"data\":[]},\"return_uri\":null,\"failure_code\":null,\"failure_message\":null,\"card\":{\"object\":\"card\",\"id\":\"card_test_5czvnrgz8ccrsi2s9hb\",\"livemode\":false,\"location\":\"\\/customers\\/cust_test_5czurufadziu0zsbdu0\\/cards\\/card_test_5czvnrgz8ccrsi2s9hb\",\"country\":\"th\",\"city\":null,\"postal_code\":null,\"financing\":\"credit\",\"bank\":\"SCB\",\"last_digits\":\"7603\",\"brand\":\"MasterCard\",\"expiration_month\":7,\"expiration_year\":2023,\"fingerprint\":\"7dmFkgwUcfIUgYbBB9cZotpx\\/VedTx9ZN07Awi22hrI=\",\"name\":\"Suttipong Ruanglitt\",\"security_code_check\":true,\"created\":\"2018-08-20T12:14:16Z\"},\"customer\":\"cust_test_5czurufadziu0zsbdu0\",\"ip\":null,\"dispute\":null,\"created\":\"2018-09-03T04:50:55Z\",\"source\":null,\"disputable\":true,\"capturable\":false,\"reversible\":false,\"refundable\":true,\"reference\":null,\"authorize_uri\":null}', '2018-09-03 11:50:54'),
(13, 6, '{\"object\":\"charge\",\"id\":\"chrg_test_5dcn5cfq10gcopv8vyd\",\"livemode\":false,\"location\":\"\\/charges\\/chrg_test_5dcn5cfq10gcopv8vyd\",\"amount\":205000,\"currency\":\"thb\",\"description\":null,\"metadata\":[],\"status\":\"successful\",\"capture\":true,\"authorized\":true,\"reversed\":false,\"voided\":false,\"paid\":true,\"transaction\":\"trxn_test_5dcn5ci5oq1lw50wh36\",\"refunded\":0,\"refunds\":{\"object\":\"list\",\"from\":\"1970-01-01T00:00:00Z\",\"to\":\"2018-09-22T03:24:53Z\",\"offset\":0,\"limit\":20,\"total\":0,\"order\":null,\"location\":\"\\/charges\\/chrg_test_5dcn5cfq10gcopv8vyd\\/refunds\",\"data\":[]},\"return_uri\":null,\"failure_code\":null,\"failure_message\":null,\"card\":{\"object\":\"card\",\"id\":\"card_test_5dcmxnqyrh1oyqycla7\",\"livemode\":false,\"location\":\"\\/customers\\/cust_test_5d9yqkfq2ek72to25mk\\/cards\\/card_test_5dcmxnqyrh1oyqycla7\",\"country\":\"us\",\"city\":null,\"postal_code\":null,\"financing\":\"\",\"bank\":\"\",\"last_digits\":\"4242\",\"brand\":\"Visa\",\"expiration_month\":7,\"expiration_year\":2023,\"fingerprint\":\"S8uKeQaz2FlTLPK88hNeIHsog0E6XUpes4Y2clId\\/JM=\",\"name\":\"Suttipong Ruanglitt\",\"security_code_check\":true,\"created\":\"2018-09-22T03:03:02Z\"},\"customer\":\"cust_test_5d9yqkfq2ek72to25mk\",\"ip\":null,\"dispute\":null,\"created\":\"2018-09-22T03:24:52Z\",\"source\":null,\"disputable\":true,\"capturable\":false,\"reversible\":false,\"refundable\":true,\"reference\":null,\"authorize_uri\":null}', '2018-09-22 10:24:51'),
(14, 0, 'token was already used', '2018-10-23 14:16:46'),
(15, 0, 'token was already used', '2018-10-23 14:22:38'),
(16, 11, 'card card_test_5czuskf8lzj6exuexxr was not found', '2018-12-24 20:08:57'),
(17, 4, 'card card_test_5czuskf8lzj6exuexxr was not found', '2018-12-24 20:08:57'),
(18, 1, '{\"object\":\"charge\",\"id\":\"chrg_test_5ed6dby2tfl6iujm3an\",\"livemode\":false,\"location\":\"\\/charges\\/chrg_test_5ed6dby2tfl6iujm3an\",\"amount\":9900,\"currency\":\"thb\",\"funding_amount\":9900,\"funding_currency\":\"thb\",\"description\":null,\"metadata\":[],\"status\":\"successful\",\"capture\":true,\"authorized\":true,\"reversed\":false,\"reversed_at\":null,\"voided\":false,\"paid\":true,\"paid_at\":\"2018-12-24T13:08:58Z\",\"transaction\":\"trxn_test_5ed6dbzrmsj598ku1s3\",\"refunded\":0,\"refunds\":{\"object\":\"list\",\"from\":\"1970-01-01T00:00:00Z\",\"to\":\"2018-12-24T13:08:58Z\",\"offset\":0,\"limit\":20,\"total\":0,\"order\":null,\"location\":\"\\/charges\\/chrg_test_5ed6dby2tfl6iujm3an\\/refunds\",\"data\":[]},\"return_uri\":null,\"failure_code\":null,\"failure_message\":null,\"card\":{\"object\":\"card\",\"id\":\"card_test_5czuskf8lzj6exuexxr\",\"livemode\":false,\"location\":\"\\/customers\\/cust_test_5czurufadziu0zsbdu0\\/cards\\/card_test_5czuskf8lzj6exuexxr\",\"country\":\"th\",\"city\":null,\"postal_code\":null,\"financing\":\"credit\",\"bank\":\"SCB\",\"last_digits\":\"7603\",\"brand\":\"MasterCard\",\"expiration_month\":7,\"expiration_year\":2023,\"fingerprint\":\"7dmFkgwUcfIUgYbBB9cZotpx\\/VedTx9ZN07Awi22hrI=\",\"name\":\"Suttipong Ruanglitt\",\"security_code_check\":true,\"created\":\"2018-08-20T10:45:39Z\"},\"customer\":\"cust_test_5czurufadziu0zsbdu0\",\"ip\":null,\"dispute\":null,\"created\":\"2018-12-24T13:08:58Z\",\"source\":null,\"disputable\":true,\"capturable\":false,\"reversible\":false,\"refundable\":true,\"reference\":null,\"authorize_uri\":null}', '2018-12-24 20:08:57'),
(19, 1, '{\"object\":\"charge\",\"id\":\"chrg_test_5ed6dc6qc42miv0m5hk\",\"livemode\":false,\"location\":\"\\/charges\\/chrg_test_5ed6dc6qc42miv0m5hk\",\"amount\":9900,\"currency\":\"thb\",\"funding_amount\":9900,\"funding_currency\":\"thb\",\"description\":null,\"metadata\":[],\"status\":\"successful\",\"capture\":true,\"authorized\":true,\"reversed\":false,\"reversed_at\":null,\"voided\":false,\"paid\":true,\"paid_at\":\"2018-12-24T13:08:59Z\",\"transaction\":\"trxn_test_5ed6dc861nqe3ol8aw5\",\"refunded\":0,\"refunds\":{\"object\":\"list\",\"from\":\"1970-01-01T00:00:00Z\",\"to\":\"2018-12-24T13:08:59Z\",\"offset\":0,\"limit\":20,\"total\":0,\"order\":null,\"location\":\"\\/charges\\/chrg_test_5ed6dc6qc42miv0m5hk\\/refunds\",\"data\":[]},\"return_uri\":null,\"failure_code\":null,\"failure_message\":null,\"card\":{\"object\":\"card\",\"id\":\"card_test_5czuskf8lzj6exuexxr\",\"livemode\":false,\"location\":\"\\/customers\\/cust_test_5czurufadziu0zsbdu0\\/cards\\/card_test_5czuskf8lzj6exuexxr\",\"country\":\"th\",\"city\":null,\"postal_code\":null,\"financing\":\"credit\",\"bank\":\"SCB\",\"last_digits\":\"7603\",\"brand\":\"MasterCard\",\"expiration_month\":7,\"expiration_year\":2023,\"fingerprint\":\"7dmFkgwUcfIUgYbBB9cZotpx\\/VedTx9ZN07Awi22hrI=\",\"name\":\"Suttipong Ruanglitt\",\"security_code_check\":true,\"created\":\"2018-08-20T10:45:39Z\"},\"customer\":\"cust_test_5czurufadziu0zsbdu0\",\"ip\":null,\"dispute\":null,\"created\":\"2018-12-24T13:08:59Z\",\"source\":null,\"disputable\":true,\"capturable\":false,\"reversible\":false,\"refundable\":true,\"reference\":null,\"authorize_uri\":null}', '2018-12-24 20:08:57'),
(20, 1, '{\"object\":\"charge\",\"id\":\"chrg_test_5ed6dcbsyjonk2r6lrq\",\"livemode\":false,\"location\":\"\\/charges\\/chrg_test_5ed6dcbsyjonk2r6lrq\",\"amount\":9900,\"currency\":\"thb\",\"funding_amount\":9900,\"funding_currency\":\"thb\",\"description\":null,\"metadata\":[],\"status\":\"successful\",\"capture\":true,\"authorized\":true,\"reversed\":false,\"reversed_at\":null,\"voided\":false,\"paid\":true,\"paid_at\":\"2018-12-24T13:09:00Z\",\"transaction\":\"trxn_test_5ed6dcedqdtvop3n6ct\",\"refunded\":0,\"refunds\":{\"object\":\"list\",\"from\":\"1970-01-01T00:00:00Z\",\"to\":\"2018-12-24T13:09:00Z\",\"offset\":0,\"limit\":20,\"total\":0,\"order\":null,\"location\":\"\\/charges\\/chrg_test_5ed6dcbsyjonk2r6lrq\\/refunds\",\"data\":[]},\"return_uri\":null,\"failure_code\":null,\"failure_message\":null,\"card\":{\"object\":\"card\",\"id\":\"card_test_5czuskf8lzj6exuexxr\",\"livemode\":false,\"location\":\"\\/customers\\/cust_test_5czurufadziu0zsbdu0\\/cards\\/card_test_5czuskf8lzj6exuexxr\",\"country\":\"th\",\"city\":null,\"postal_code\":null,\"financing\":\"credit\",\"bank\":\"SCB\",\"last_digits\":\"7603\",\"brand\":\"MasterCard\",\"expiration_month\":7,\"expiration_year\":2023,\"fingerprint\":\"7dmFkgwUcfIUgYbBB9cZotpx\\/VedTx9ZN07Awi22hrI=\",\"name\":\"Suttipong Ruanglitt\",\"security_code_check\":true,\"created\":\"2018-08-20T10:45:39Z\"},\"customer\":\"cust_test_5czurufadziu0zsbdu0\",\"ip\":null,\"dispute\":null,\"created\":\"2018-12-24T13:09:00Z\",\"source\":null,\"disputable\":true,\"capturable\":false,\"reversible\":false,\"refundable\":true,\"reference\":null,\"authorize_uri\":null}', '2018-12-24 20:08:57'),
(21, 11, '{\"object\":\"charge\",\"id\":\"chrg_test_5ed6dcipqpb2defs3fm\",\"livemode\":false,\"location\":\"\\/charges\\/chrg_test_5ed6dcipqpb2defs3fm\",\"amount\":73600,\"currency\":\"thb\",\"funding_amount\":73600,\"funding_currency\":\"thb\",\"description\":null,\"metadata\":[],\"status\":\"successful\",\"capture\":true,\"authorized\":true,\"reversed\":false,\"reversed_at\":null,\"voided\":false,\"paid\":true,\"paid_at\":\"2018-12-24T13:09:01Z\",\"transaction\":\"trxn_test_5ed6dcljtctt6vwszzj\",\"refunded\":0,\"refunds\":{\"object\":\"list\",\"from\":\"1970-01-01T00:00:00Z\",\"to\":\"2018-12-24T13:09:01Z\",\"offset\":0,\"limit\":20,\"total\":0,\"order\":null,\"location\":\"\\/charges\\/chrg_test_5ed6dcipqpb2defs3fm\\/refunds\",\"data\":[]},\"return_uri\":null,\"failure_code\":null,\"failure_message\":null,\"card\":{\"object\":\"card\",\"id\":\"card_test_5e6lobzadurr4j89020\",\"livemode\":false,\"location\":\"\\/customers\\/cust_test_5dneprocyoqohzsn4r2\\/cards\\/card_test_5e6lobzadurr4j89020\",\"country\":\"us\",\"city\":null,\"postal_code\":null,\"financing\":\"\",\"bank\":\"\",\"last_digits\":\"4242\",\"brand\":\"Visa\",\"expiration_month\":7,\"expiration_year\":2023,\"fingerprint\":\"S8uKeQaz2FlTLPK88hNeIHsog0E6XUpes4Y2clId\\/JM=\",\"name\":\"Suttipong Ruanglitt\",\"security_code_check\":true,\"created\":\"2018-12-07T17:42:53Z\"},\"customer\":\"cust_test_5dneprocyoqohzsn4r2\",\"ip\":null,\"dispute\":null,\"created\":\"2018-12-24T13:09:01Z\",\"source\":null,\"disputable\":true,\"capturable\":false,\"reversible\":false,\"refundable\":true,\"reference\":null,\"authorize_uri\":null}', '2018-12-24 20:08:57'),
(22, 11, 'card card_test_5czuskf8lzj6exuexxr was not found', '2018-12-24 20:10:01'),
(23, 4, 'card card_test_5czuskf8lzj6exuexxr was not found', '2018-12-24 20:10:01'),
(24, 11, 'card card_test_5czuskf8lzj6exuexxr was not found', '2018-12-24 20:10:08'),
(25, 4, 'card card_test_5czuskf8lzj6exuexxr was not found', '2018-12-24 20:10:08'),
(26, 48, '{\"object\":\"charge\",\"id\":\"chrg_test_5ed6dqwrs1vwbumfeju\",\"livemode\":false,\"location\":\"\\/charges\\/chrg_test_5ed6dqwrs1vwbumfeju\",\"amount\":20000,\"currency\":\"thb\",\"funding_amount\":20000,\"funding_currency\":\"thb\",\"description\":null,\"metadata\":[],\"status\":\"successful\",\"capture\":true,\"authorized\":true,\"reversed\":false,\"reversed_at\":null,\"voided\":false,\"paid\":true,\"paid_at\":\"2018-12-24T13:10:09Z\",\"transaction\":\"trxn_test_5ed6dqycousg9nluq5w\",\"refunded\":0,\"refunds\":{\"object\":\"list\",\"from\":\"1970-01-01T00:00:00Z\",\"to\":\"2018-12-24T13:10:09Z\",\"offset\":0,\"limit\":20,\"total\":0,\"order\":null,\"location\":\"\\/charges\\/chrg_test_5ed6dqwrs1vwbumfeju\\/refunds\",\"data\":[]},\"return_uri\":null,\"failure_code\":null,\"failure_message\":null,\"card\":{\"object\":\"card\",\"id\":\"card_test_5eaffkee1jg64nmx87v\",\"livemode\":false,\"location\":\"\\/customers\\/cust_test_5eafa0le2wib6v1wo0u\\/cards\\/card_test_5eaffkee1jg64nmx87v\",\"country\":\"us\",\"city\":null,\"postal_code\":null,\"financing\":\"\",\"bank\":\"\",\"last_digits\":\"4242\",\"brand\":\"Visa\",\"expiration_month\":7,\"expiration_year\":2023,\"fingerprint\":\"S8uKeQaz2FlTLPK88hNeIHsog0E6XUpes4Y2clId\\/JM=\",\"name\":\"Suttipong Ruanglitt\",\"security_code_check\":true,\"created\":\"2018-12-17T12:30:52Z\"},\"customer\":\"cust_test_5eafa0le2wib6v1wo0u\",\"ip\":null,\"dispute\":null,\"created\":\"2018-12-24T13:10:09Z\",\"source\":null,\"disputable\":true,\"capturable\":false,\"reversible\":false,\"refundable\":true,\"reference\":null,\"authorize_uri\":null}', '2018-12-24 20:10:08'),
(27, 48, '{\"object\":\"charge\",\"id\":\"chrg_test_5ed6dr0da8qylwb4if0\",\"livemode\":false,\"location\":\"\\/charges\\/chrg_test_5ed6dr0da8qylwb4if0\",\"amount\":20000,\"currency\":\"thb\",\"funding_amount\":20000,\"funding_currency\":\"thb\",\"description\":null,\"metadata\":[],\"status\":\"successful\",\"capture\":true,\"authorized\":true,\"reversed\":false,\"reversed_at\":null,\"voided\":false,\"paid\":true,\"paid_at\":\"2018-12-24T13:10:10Z\",\"transaction\":\"trxn_test_5ed6dr1sff8cxp918ul\",\"refunded\":0,\"refunds\":{\"object\":\"list\",\"from\":\"1970-01-01T00:00:00Z\",\"to\":\"2018-12-24T13:10:10Z\",\"offset\":0,\"limit\":20,\"total\":0,\"order\":null,\"location\":\"\\/charges\\/chrg_test_5ed6dr0da8qylwb4if0\\/refunds\",\"data\":[]},\"return_uri\":null,\"failure_code\":null,\"failure_message\":null,\"card\":{\"object\":\"card\",\"id\":\"card_test_5eaffkee1jg64nmx87v\",\"livemode\":false,\"location\":\"\\/customers\\/cust_test_5eafa0le2wib6v1wo0u\\/cards\\/card_test_5eaffkee1jg64nmx87v\",\"country\":\"us\",\"city\":null,\"postal_code\":null,\"financing\":\"\",\"bank\":\"\",\"last_digits\":\"4242\",\"brand\":\"Visa\",\"expiration_month\":7,\"expiration_year\":2023,\"fingerprint\":\"S8uKeQaz2FlTLPK88hNeIHsog0E6XUpes4Y2clId\\/JM=\",\"name\":\"Suttipong Ruanglitt\",\"security_code_check\":true,\"created\":\"2018-12-17T12:30:52Z\"},\"customer\":\"cust_test_5eafa0le2wib6v1wo0u\",\"ip\":null,\"dispute\":null,\"created\":\"2018-12-24T13:10:09Z\",\"source\":null,\"disputable\":true,\"capturable\":false,\"reversible\":false,\"refundable\":true,\"reference\":null,\"authorize_uri\":null}', '2018-12-24 20:10:08'),
(28, 11, 'card card_test_5czuskf8lzj6exuexxr was not found', '2018-12-24 20:10:17'),
(29, 4, 'card card_test_5czuskf8lzj6exuexxr was not found', '2018-12-24 20:10:17'),
(30, 11, 'card card_test_5czuskf8lzj6exuexxr was not found', '2018-12-24 20:10:48'),
(31, 11, 'card card_test_5czuskf8lzj6exuexxr was not found', '2018-12-24 20:15:01'),
(32, 11, 'card card_test_5czuskf8lzj6exuexxr was not found', '2018-12-24 20:16:05'),
(33, 4, 'card card_test_5czuskf8lzj6exuexxr was not found', '2018-12-24 20:16:05'),
(34, 48, '{\"object\":\"charge\",\"id\":\"chrg_test_5ed6h7z0hp17nifn0po\",\"livemode\":false,\"location\":\"\\/charges\\/chrg_test_5ed6h7z0hp17nifn0po\",\"amount\":200000,\"currency\":\"thb\",\"funding_amount\":200000,\"funding_currency\":\"thb\",\"description\":null,\"metadata\":[],\"status\":\"successful\",\"capture\":true,\"authorized\":true,\"reversed\":false,\"reversed_at\":null,\"voided\":false,\"paid\":true,\"paid_at\":\"2018-12-24T13:20:01Z\",\"transaction\":\"trxn_test_5ed6h81hojl5yceivxc\",\"refunded\":0,\"refunds\":{\"object\":\"list\",\"from\":\"1970-01-01T00:00:00Z\",\"to\":\"2018-12-24T13:20:02Z\",\"offset\":0,\"limit\":20,\"total\":0,\"order\":null,\"location\":\"\\/charges\\/chrg_test_5ed6h7z0hp17nifn0po\\/refunds\",\"data\":[]},\"return_uri\":null,\"failure_code\":null,\"failure_message\":null,\"card\":{\"object\":\"card\",\"id\":\"card_test_5eaffkee1jg64nmx87v\",\"livemode\":false,\"location\":\"\\/customers\\/cust_test_5eafa0le2wib6v1wo0u\\/cards\\/card_test_5eaffkee1jg64nmx87v\",\"country\":\"us\",\"city\":null,\"postal_code\":null,\"financing\":\"\",\"bank\":\"\",\"last_digits\":\"4242\",\"brand\":\"Visa\",\"expiration_month\":7,\"expiration_year\":2023,\"fingerprint\":\"S8uKeQaz2FlTLPK88hNeIHsog0E6XUpes4Y2clId\\/JM=\",\"name\":\"Suttipong Ruanglitt\",\"security_code_check\":true,\"created\":\"2018-12-17T12:30:52Z\"},\"customer\":\"cust_test_5eafa0le2wib6v1wo0u\",\"ip\":null,\"dispute\":null,\"created\":\"2018-12-24T13:20:01Z\",\"source\":null,\"disputable\":true,\"capturable\":false,\"reversible\":false,\"refundable\":true,\"reference\":null,\"authorize_uri\":null}', '2018-12-24 20:20:01'),
(35, 48, '{\"object\":\"charge\",\"id\":\"chrg_test_5ed6izix7tnnrjf118i\",\"livemode\":false,\"location\":\"\\/charges\\/chrg_test_5ed6izix7tnnrjf118i\",\"amount\":120000,\"currency\":\"thb\",\"funding_amount\":120000,\"funding_currency\":\"thb\",\"description\":null,\"metadata\":[],\"status\":\"successful\",\"capture\":true,\"authorized\":true,\"reversed\":false,\"reversed_at\":null,\"voided\":false,\"paid\":true,\"paid_at\":\"2018-12-24T13:25:02Z\",\"transaction\":\"trxn_test_5ed6izljeqsl4j55g52\",\"refunded\":0,\"refunds\":{\"object\":\"list\",\"from\":\"1970-01-01T00:00:00Z\",\"to\":\"2018-12-24T13:25:02Z\",\"offset\":0,\"limit\":20,\"total\":0,\"order\":null,\"location\":\"\\/charges\\/chrg_test_5ed6izix7tnnrjf118i\\/refunds\",\"data\":[]},\"return_uri\":null,\"failure_code\":null,\"failure_message\":null,\"card\":{\"object\":\"card\",\"id\":\"card_test_5eaffkee1jg64nmx87v\",\"livemode\":false,\"location\":\"\\/customers\\/cust_test_5eafa0le2wib6v1wo0u\\/cards\\/card_test_5eaffkee1jg64nmx87v\",\"country\":\"us\",\"city\":null,\"postal_code\":null,\"financing\":\"\",\"bank\":\"\",\"last_digits\":\"4242\",\"brand\":\"Visa\",\"expiration_month\":7,\"expiration_year\":2023,\"fingerprint\":\"S8uKeQaz2FlTLPK88hNeIHsog0E6XUpes4Y2clId\\/JM=\",\"name\":\"Suttipong Ruanglitt\",\"security_code_check\":true,\"created\":\"2018-12-17T12:30:52Z\"},\"customer\":\"cust_test_5eafa0le2wib6v1wo0u\",\"ip\":null,\"dispute\":null,\"created\":\"2018-12-24T13:25:02Z\",\"source\":null,\"disputable\":true,\"capturable\":false,\"reversible\":false,\"refundable\":true,\"reference\":null,\"authorize_uri\":null}', '2018-12-24 20:25:02'),
(36, 48, '{\"object\":\"charge\",\"id\":\"chrg_test_5eeow7ji0oiznusclkh\",\"livemode\":false,\"location\":\"\\/charges\\/chrg_test_5eeow7ji0oiznusclkh\",\"amount\":61000,\"currency\":\"thb\",\"funding_amount\":61000,\"funding_currency\":\"thb\",\"description\":null,\"metadata\":[],\"status\":\"successful\",\"capture\":true,\"authorized\":true,\"reversed\":false,\"reversed_at\":null,\"voided\":false,\"paid\":true,\"paid_at\":\"2018-12-28T10:05:02Z\",\"transaction\":\"trxn_test_5eeow7lamw3clv0833d\",\"refunded\":0,\"refunds\":{\"object\":\"list\",\"from\":\"1970-01-01T00:00:00Z\",\"to\":\"2018-12-28T10:05:02Z\",\"offset\":0,\"limit\":20,\"total\":0,\"order\":null,\"location\":\"\\/charges\\/chrg_test_5eeow7ji0oiznusclkh\\/refunds\",\"data\":[]},\"return_uri\":null,\"failure_code\":null,\"failure_message\":null,\"card\":{\"object\":\"card\",\"id\":\"card_test_5eaffrrhx8fc97xuoxo\",\"livemode\":false,\"location\":\"\\/customers\\/cust_test_5eafa0le2wib6v1wo0u\\/cards\\/card_test_5eaffrrhx8fc97xuoxo\",\"country\":\"us\",\"city\":null,\"postal_code\":null,\"financing\":\"\",\"bank\":\"\",\"last_digits\":\"4242\",\"brand\":\"Visa\",\"expiration_month\":7,\"expiration_year\":2023,\"fingerprint\":\"S8uKeQaz2FlTLPK88hNeIHsog0E6XUpes4Y2clId\\/JM=\",\"name\":\"Suttipong Ruanglitt\",\"security_code_check\":true,\"created\":\"2018-12-17T12:31:26Z\"},\"customer\":\"cust_test_5eafa0le2wib6v1wo0u\",\"ip\":null,\"dispute\":null,\"created\":\"2018-12-28T10:05:01Z\",\"source\":null,\"disputable\":true,\"capturable\":false,\"reversible\":false,\"refundable\":true,\"reference\":null,\"authorize_uri\":null}', '2018-12-28 17:05:01'),
(37, 48, '{\"object\":\"charge\",\"id\":\"chrg_test_5eh53f70glboaxxl778\",\"livemode\":false,\"location\":\"\\/charges\\/chrg_test_5eh53f70glboaxxl778\",\"amount\":81700,\"currency\":\"thb\",\"funding_amount\":81700,\"funding_currency\":\"thb\",\"description\":null,\"metadata\":[],\"status\":\"successful\",\"capture\":true,\"authorized\":true,\"reversed\":false,\"reversed_at\":null,\"voided\":false,\"paid\":true,\"paid_at\":\"2019-01-03T16:25:02Z\",\"transaction\":\"trxn_test_5eh53f95duv6qwo6lmx\",\"refunded\":0,\"refunds\":{\"object\":\"list\",\"from\":\"1970-01-01T00:00:00Z\",\"to\":\"2019-01-03T16:25:02Z\",\"offset\":0,\"limit\":20,\"total\":0,\"order\":null,\"location\":\"\\/charges\\/chrg_test_5eh53f70glboaxxl778\\/refunds\",\"data\":[]},\"return_uri\":null,\"failure_code\":null,\"failure_message\":null,\"card\":{\"object\":\"card\",\"id\":\"card_test_5eaffrrhx8fc97xuoxo\",\"livemode\":false,\"location\":\"\\/customers\\/cust_test_5eafa0le2wib6v1wo0u\\/cards\\/card_test_5eaffrrhx8fc97xuoxo\",\"country\":\"us\",\"city\":null,\"postal_code\":null,\"financing\":\"\",\"bank\":\"\",\"last_digits\":\"4242\",\"brand\":\"Visa\",\"expiration_month\":7,\"expiration_year\":2023,\"fingerprint\":\"S8uKeQaz2FlTLPK88hNeIHsog0E6XUpes4Y2clId\\/JM=\",\"name\":\"Suttipong Ruanglitt\",\"security_code_check\":true,\"created\":\"2018-12-17T12:31:26Z\"},\"customer\":\"cust_test_5eafa0le2wib6v1wo0u\",\"ip\":null,\"dispute\":null,\"created\":\"2019-01-03T16:25:02Z\",\"source\":null,\"disputable\":true,\"capturable\":false,\"reversible\":false,\"refundable\":true,\"reference\":null,\"authorize_uri\":null}', '2019-01-03 23:25:01'),
(38, 98, 'card card_test_5czuskf8lzj6exuexxr was not found', '2019-01-07 15:35:01');

-- --------------------------------------------------------

--
-- Table structure for table `order`
--

CREATE TABLE `order` (
  `id` bigint(20) NOT NULL,
  `user_id` int(11) NOT NULL,
  `number` varchar(30) NOT NULL,
  `start_location_lat` varchar(255) NOT NULL,
  `start_location_long` varchar(255) NOT NULL,
  `start_location` varchar(255) NOT NULL,
  `destination_lat` varchar(255) NOT NULL,
  `destination_long` varchar(255) NOT NULL,
  `destination` varchar(255) NOT NULL,
  `schedule_ride` datetime DEFAULT NULL,
  `car_type` tinyint(2) NOT NULL,
  `note` text DEFAULT NULL,
  `id_payment` int(11) NOT NULL,
  `fare` int(5) NOT NULL,
  `status` tinyint(1) NOT NULL COMMENT '0 Cancel or Fail, 1 Success, 2 Find Driver, 3 Driving, 4 Waiting For Payment',
  `create_on` datetime NOT NULL,
  `update_status_on` datetime DEFAULT NULL,
  `cancel_on` datetime DEFAULT NULL,
  `driver_id` int(11) NOT NULL,
  `driving_on` datetime NOT NULL,
  `success_on` datetime NOT NULL
) ENGINE=InnoDB DEFAULT CHARSET=utf8;

--
-- Dumping data for table `order`
--

INSERT INTO `order` (`id`, `user_id`, `number`, `start_location_lat`, `start_location_long`, `start_location`, `destination_lat`, `destination_long`, `destination`, `schedule_ride`, `car_type`, `note`, `id_payment`, `fare`, `status`, `create_on`, `update_status_on`, `cancel_on`, `driver_id`, `driving_on`, `success_on`) VALUES
(1, 1, '1100001', '13.779003', '100.573967', 'ปาซิโอ3', '13.848676', '100.569073', 'เดอะ3', NULL, 1, 'test Note', 2, 350, 1, '2018-08-20 19:15:50', '2018-08-20 19:16:31', NULL, 2, '2018-08-20 19:16:19', '2018-08-20 19:16:31'),
(2, 1, '1100002', '13.779003', '100.573967', 'ปาซิโอ3', '13.848676', '100.569073', 'เดอะ3', NULL, 1, 'test Note', 2, 200, 1, '2018-08-20 19:38:39', '2018-08-20 19:38:55', NULL, 2, '2018-08-20 19:38:49', '2018-08-20 19:38:55'),
(3, 1, '1100003', '13.779003', '100.573967', 'เดอะมอลล์ บางแ', '13.848676', '100.569073', 'ธารา ปิ่นเกล้า', NULL, 1, 'test Note', 2, 430, 1, '2018-08-27 15:32:25', '2018-08-27 15:32:40', NULL, 2, '2018-08-27 15:32:38', '2018-08-27 15:32:40'),
(4, 1, '1100004', '13.779003', '100.573967', 'ขอนแก่น', '13.848676', '100.569073', 'อนุสาวรีย์ชัย', NULL, 1, 'test Note', 2, 2050, 1, '2018-08-27 15:33:19', '2018-08-27 15:33:34', NULL, 2, '2018-08-27 15:33:27', '2018-08-27 15:33:34'),
(5, 1, '1100005', '13.779003', '100.573967', 'ปาซิโอ3', '13.848676', '100.569073', 'เดอะ3', NULL, 1, 'test Note', 1, 99, 1, '2018-09-01 19:42:28', '2018-12-09 17:42:08', NULL, 6, '2018-12-09 17:40:18', '2018-12-09 17:42:08'),
(6, 1, '1100006', '13.779003', '100.573967', 'ปาซิโอ3', '13.848676', '100.569073', 'เดอะ3', NULL, 1, 'test Note', 1, 99, 3, '2018-09-01 21:07:54', '2018-12-09 16:39:24', NULL, 6, '2018-12-09 16:39:24', '0000-00-00 00:00:00'),
(7, 1, '1100007', '13.779003', '100.573967', 'ปาซิโอ3', '13.848676', '100.569073', 'เดอะ3', NULL, 1, 'test Note', 1, 99, 1, '2018-09-01 21:10:59', '2018-12-09 16:43:25', NULL, 6, '2018-12-09 16:40:44', '2018-12-09 16:43:25'),
(8, 1, '1100008', '13.779003', '100.573967', 'ปาซิโอ3', '13.848676', '100.569073', 'เดอะ3', NULL, 1, 'test Note', 1, 99, 0, '2018-09-01 21:11:01', '2018-10-16 19:03:01', NULL, 2, '2018-10-16 19:03:01', '0000-00-00 00:00:00'),
(9, 1, '1100009', '13.779003', '100.573967', 'ปาซิโอ3', '13.848676', '100.569073', 'เดอะ3', NULL, 1, 'test Note', 1, 99, 1, '2018-09-01 21:11:02', '2018-12-09 16:14:51', NULL, 6, '2018-12-09 16:11:10', '2018-12-09 16:14:51'),
(10, 1, '1100010', '13.779003', '100.573967', 'ปาซิโอ3', '13.848676', '100.569073', 'เดอะ3', NULL, 1, 'test Note', 1, 99, 0, '2018-09-01 21:11:03', '2018-10-16 19:03:09', NULL, 2, '2018-10-16 19:03:09', '0000-00-00 00:00:00'),
(11, 1, '1100011', '13.779003', '100.573967', 'ปาซิโอ3', '13.848676', '100.569073', 'เดอะ3', NULL, 1, 'test Note', 1, 99, 3, '2018-09-01 21:11:04', '2018-12-09 16:37:38', NULL, 6, '2018-12-09 16:37:38', '0000-00-00 00:00:00'),
(12, 1, '1100012', '13.779003', '100.573967', 'ปาซิโอ3', '13.848676', '100.569073', 'เดอะ3', NULL, 1, 'test Note', 1, 99, 0, '2018-09-01 21:11:04', '2018-10-16 19:03:16', NULL, 2, '2018-10-16 19:03:16', '0000-00-00 00:00:00'),
(13, 1, '1100013', '13.779003', '100.573967', 'ปาซิโอ3', '13.848676', '100.569073', 'เดอะ3', NULL, 1, 'test Note', 1, 99, 3, '2018-09-01 21:11:04', '2018-10-16 19:03:19', NULL, 2, '2018-10-16 19:03:19', '0000-00-00 00:00:00'),
(14, 1, '1100014', '13.779003', '100.573967', 'ปาซิโอ3', '13.848676', '100.569073', 'เดอะ3', NULL, 1, 'test Note', 1, 99, 0, '2018-09-01 21:11:05', '2018-10-16 19:03:22', NULL, 2, '2018-10-16 19:03:22', '0000-00-00 00:00:00'),
(15, 1, '1100015', '13.779003', '100.573967', 'ปาซิโอ3', '13.848676', '100.569073', 'เดอะ3', NULL, 1, 'test Note', 1, 99, 0, '2018-09-01 21:11:05', '2018-10-16 19:03:26', NULL, 2, '2018-10-16 19:03:26', '0000-00-00 00:00:00'),
(16, 1, '1100016', '13.779003', '100.573967', 'ปาซิโอ3', '13.848676', '100.569073', 'เดอะ3', NULL, 1, 'test Note', 1, 99, 0, '2018-09-01 21:11:05', '2018-10-16 19:03:28', NULL, 2, '2018-10-16 19:03:28', '0000-00-00 00:00:00'),
(17, 1, '1100017', '13.779003', '100.573967', 'ปาซิโอ3', '13.848676', '100.569073', 'เดอะ3', NULL, 1, 'test Note', 1, 99, 0, '2018-09-01 21:11:05', '2018-10-16 19:03:32', NULL, 2, '2018-10-16 19:03:32', '0000-00-00 00:00:00'),
(18, 1, '1100018', '13.779003', '100.573967', 'ปาซิโอ3', '13.848676', '100.569073', 'เดอะ3', NULL, 1, 'test Note', 1, 99, 3, '2018-09-01 21:11:05', '2018-10-16 19:03:40', NULL, 2, '2018-10-16 19:03:40', '0000-00-00 00:00:00'),
(19, 1, '1100019', '13.779003', '100.573967', 'ปาซิโอ3', '13.848676', '100.569073', 'เดอะ3', NULL, 1, 'test Note', 1, 99, 3, '2018-09-01 21:11:06', '2018-10-16 19:03:43', NULL, 2, '2018-10-16 19:03:43', '0000-00-00 00:00:00'),
(20, 1, '1100020', '13.779003', '100.573967', 'ปาซิโอ3', '13.848676', '100.569073', 'เดอะ3', NULL, 1, 'test Note', 1, 99, 3, '2018-09-01 21:11:06', '2018-10-16 19:03:47', NULL, 2, '2018-10-16 19:03:47', '0000-00-00 00:00:00'),
(21, 1, '1100021', '13.779003', '100.573967', 'ปาซิโอ3', '13.848676', '100.569073', 'เดอะ3', NULL, 1, 'test Note', 1, 99, 3, '2018-09-01 21:11:06', '2018-10-16 21:49:21', NULL, 2, '2018-10-16 21:49:21', '0000-00-00 00:00:00'),
(22, 1, '1100022', '13.779003', '100.573967', 'ปาซิโอ3', '13.848676', '100.569073', 'เดอะ3', NULL, 1, 'test Note', 1, 99, 3, '2018-09-01 21:11:06', '2018-10-16 21:48:56', NULL, 2, '2018-10-16 21:48:56', '0000-00-00 00:00:00'),
(23, 1, '1100023', '13.779003', '100.573967', 'ปาซิโอ3', '13.848676', '100.569073', 'เดอะ3', NULL, 1, 'test Note', 1, 99, 3, '2018-09-01 21:11:07', '2018-10-16 22:19:30', NULL, 2, '2018-10-16 22:19:30', '0000-00-00 00:00:00'),
(24, 1, '1100024', '13.779003', '100.573967', 'ปาซิโอ3', '13.848676', '100.569073', 'เดอะ3', NULL, 1, 'test Note', 1, 99, 3, '2018-09-01 21:11:09', '2018-10-16 19:02:04', NULL, 2, '2018-10-16 19:02:04', '0000-00-00 00:00:00'),
(25, 1, '1100025', '13.779003', '100.573967', 'ปาซิโอ3', '13.848676', '100.569073', 'เดอะ3', NULL, 1, 'test Note', 1, 99, 4, '2018-09-01 21:11:09', '2018-10-16 19:02:00', NULL, 2, '2018-10-16 19:02:00', '2018-10-16 19:12:00'),
(26, 4, '1100026', '18.6480952', '98.9300017', 'Han Kaeo, Hang Dong District, Chiang Mai, Thailand', '18.706053', '98.9817156', 'บ้านวังสิงห์คำ ซอย ๑๑ Amphoe Mueang Chiang Mai, Chang Wat Chiang Mai 50100, Thailand', NULL, 1, 'xxxx', 1, 99, 3, '2018-09-01 21:32:49', '2018-10-16 19:01:46', NULL, 2, '2018-10-16 19:01:46', '0000-00-00 00:00:00'),
(27, 4, '1100027', '18.6480952', '98.9300017', 'Han Kaeo, Hang Dong District, Chiang Mai, Thailand', '19.9104907', '99.8405115', 'Phahonyothin Rd, Tambon Wiang, Amphoe Mueang Chiang Rai, Chang Wat Chiang Rai 57000, Thailand', NULL, 1, 'xxxx', 1, 99, 3, '2018-09-01 21:41:07', '2018-10-16 19:01:20', NULL, 2, '2018-10-16 19:01:20', '0000-00-00 00:00:00'),
(28, 4, '1100028', '18.6480952', '98.9300017', 'Han Kaeo, Hang Dong District', '18.706053', '98.9817156', 'บ้านวังสิงห์คำ ซอย ๑๑', NULL, 1, 'xxxx', 1, 99, 1, '2018-09-01 21:48:44', '2018-12-09 15:56:53', '2018-09-01 21:48:58', 6, '2018-12-09 15:56:29', '2018-12-09 15:56:53'),
(29, 4, '1100029', '18.6480952', '98.9300017', 'Han Kaeo, Hang Dong District, Chiang Mai, Thailand', '18.706053', '98.9817156', 'บ้านวังสิงห์คำ ซอย ๑๑ Amphoe Mueang Chiang Mai, Chang Wat Chiang Mai 50100, Thailand', NULL, 1, 'xxxx', 1, 99, 0, '2018-09-01 22:02:13', '2018-09-01 22:08:08', '2018-09-01 22:08:08', 0, '0000-00-00 00:00:00', '0000-00-00 00:00:00'),
(30, 1, '1100030', '13.779003', '100.573967', 'ขอนแก่น', '13.848676', '100.569073', 'อนุสาวรีย์ชัย', NULL, 1, 'test Note', 2, 2050, 1, '2018-09-03 11:39:59', '2018-09-03 11:40:30', NULL, 2, '2018-09-03 11:40:22', '2018-09-03 11:40:30'),
(31, 1, '1100031', '13.779003', '100.573967', 'ขอนแก่น', '13.848676', '100.569073', 'อนุสาวรีย์ชัย', NULL, 1, 'test Note', 3, 2050, 1, '2018-09-03 11:40:42', '2018-09-03 11:41:03', NULL, 2, '2018-09-03 11:40:59', '2018-09-03 11:41:03'),
(32, 1, '1100032', '13.779003', '100.573967', 'ขอนแก่น', '13.848676', '100.569073', 'อนุสาวรีย์ชัย', NULL, 2, 'test Note', 3, 199, 1, '2018-09-03 13:15:35', '2018-09-03 13:15:44', NULL, 2, '2018-09-03 13:15:40', '2018-09-03 13:15:44'),
(33, 6, '1100033', '13.779003', '100.573967', 'ขอนแก่น', '13.848676', '100.569073', 'อนุสาวรีย์ชัย', NULL, 1, 'test Note', 2, 2050, 1, '2018-09-22 10:16:37', '2018-09-22 10:21:05', NULL, 2, '2018-09-22 10:18:53', '2018-09-22 10:21:05'),
(34, 6, '1100034', '13.779003', '100.573967', 'ขอนแก่น', '13.848676', '100.569073', 'อนุสาวรีย์ชัย', NULL, 1, 'test Note', 3, 2050, 1, '2018-09-22 10:22:57', '2018-09-22 10:23:26', NULL, 2, '2018-09-22 10:23:09', '2018-09-22 10:23:26'),
(35, 6, '1100035', '13.779003', '100.573967', 'ขอนแก่น', '13.848676', '100.569073', 'อนุสาวรีย์ชัย', NULL, 1, 'test Note', 4, 2050, 1, '2018-09-22 10:24:05', '2018-09-22 10:24:40', NULL, 2, '2018-09-22 10:24:29', '2018-09-22 10:24:40'),
(36, 1, '1100036', '13.779003', '100.573967', 'ขอนแก่น', '13.848676', '100.569073', 'อนุสาวรีย์ชัย', NULL, 2, 'test Note', 3, 199, 3, '2018-10-16 21:51:05', '2018-10-16 21:52:42', NULL, 2, '2018-10-16 21:52:42', '0000-00-00 00:00:00'),
(37, 1, '1100037', '13.779003', '100.573967', 'ขอนแก่น', '13.848676', '100.569073', 'อนุสาวรีย์ชัย', NULL, 2, 'test Note', 3, 199, 3, '2018-10-16 21:53:16', '2018-10-16 21:53:41', NULL, 2, '2018-10-16 21:53:41', '0000-00-00 00:00:00'),
(38, 1, '1100038', '13.779003', '100.573967', 'ขอนแก่น', '13.848676', '100.569073', 'อนุสาวรีย์ชัย', NULL, 2, 'test Note', 3, 199, 3, '2018-10-16 22:19:49', NULL, NULL, 0, '0000-00-00 00:00:00', '0000-00-00 00:00:00'),
(39, 1, '1100039', '13.779003', '100.573967', 'ขอนแก่น', '13.848676', '100.569073', 'อนุสาวรีย์ชัย', NULL, 2, 'test Note', 3, 199, 3, '2018-10-16 22:19:50', '2018-10-16 22:20:20', NULL, 2, '2018-10-16 22:20:20', '0000-00-00 00:00:00'),
(40, 1, '1100040', '13.779003', '100.573967', 'ขอนแก่น', '13.848676', '100.569073', 'อนุสาวรีย์ชัย', NULL, 2, 'test Note', 3, 199, 3, '2018-10-16 22:19:51', NULL, NULL, 0, '0000-00-00 00:00:00', '0000-00-00 00:00:00'),
(41, 1, '1100041', '13.779003', '100.573967', 'ขอนแก่น', '13.848676', '100.569073', 'อนุสาวรีย์ชัย', NULL, 2, 'test Note', 3, 199, 3, '2018-10-16 22:19:51', NULL, NULL, 0, '0000-00-00 00:00:00', '0000-00-00 00:00:00'),
(42, 9, '1100042', '18.6445363', '98.9260497', 'ซอย 2 บ้านไร่ Tambon Han Kaeo, Amphoe Hang Dong, Chang Wat Chiang Mai 50230, Thailand', '13.7563556', '100.5017719', '1 Dinso Rd, Khwaeng Wat Bowon Niwet, Khet Phra Nakhon, Krung Thep Maha Nakhon 10200, Thailand', NULL, 1, 'xxxx', 1, 99, 0, '2018-10-16 22:22:29', '2018-10-16 22:22:34', '2018-10-16 22:22:34', 0, '0000-00-00 00:00:00', '0000-00-00 00:00:00'),
(43, 1, '1100043', '13.779003', '100.573967', 'ขอนแก่น', '13.848676', '100.569073', 'อนุสาวรีย์ชัย', NULL, 2, 'test Note', 3, 199, 0, '2018-10-16 22:32:48', '2018-12-09 04:07:31', NULL, 6, '2018-12-09 04:07:31', '0000-00-00 00:00:00'),
(44, 9, '1100044', '18.6445359', '98.9260489', 'ซอย 2 บ้านไร่ Tambon Han Kaeo, Amphoe Hang Dong, Chang Wat Chiang Mai 50230, Thailand', '13.7563556', '100.5017719', '1 Dinso Rd, Khwaeng Wat Bowon Niwet, Khet Phra Nakhon, Krung Thep Maha Nakhon 10200, Thailand', NULL, 1, 'xxxx', 1, 99, 0, '2018-10-16 22:35:10', '2018-10-16 22:38:23', '2018-10-16 22:38:23', 0, '0000-00-00 00:00:00', '0000-00-00 00:00:00'),
(45, 11, '1100045', '13.701444', '100.3878834', 'ซอย บุญดำ แขวง หลักสอง เขต บางแค กรุงเทพมหานคร 10160 ประเทศไทย', '13.6681447', '100.6141829', '44 Bang Na-Trat 4 Alley, แขวง บางนา เขต บางนา กรุงเทพมหานคร 10260 ประเทศไทย', NULL, 1, 'xxxx', 1, 99, 0, '2018-11-09 21:01:37', '2018-11-09 21:02:04', '2018-11-09 21:02:04', 0, '0000-00-00 00:00:00', '0000-00-00 00:00:00'),
(46, 11, '1100046', '13.7671226', '100.407038', '8/1-5 ถนน กาญจนาภิเษก แขวง ศาลาธรรมสพน์ เขต ทวีวัฒนา กรุงเทพมหานคร 10170 ประเทศไทย', '13.7082502', '100.5200973', '9/12 ซอย จันทน์ 23/2 แขวง ทุ่งวัดดอน เขต สาทร กรุงเทพมหานคร 10120 ประเทศไทย', NULL, 1, 'xxxx', 1, 99, 0, '2018-11-11 18:42:42', '2018-11-11 18:42:55', '2018-11-11 18:42:55', 0, '0000-00-00 00:00:00', '0000-00-00 00:00:00'),
(47, 11, '1100047', '13.7014448', '100.3878875', 'หลักสอง', '13.7082502', '100.5200973', 'ซอย จันทน์ 23/2', NULL, 1, 'xxxx', 1, 99, 1, '2018-11-11 20:14:50', '2018-12-09 15:54:15', NULL, 6, '2018-12-09 15:54:00', '2018-12-09 15:54:15'),
(48, 11, '1100048', '13.7014448', '100.3878875', 'ซอย บุญดำ แขวง หลักสอง เขต บางแค กรุงเทพมหานคร 10160 ประเทศไทย', '12.2698705', '99.871208', '75 ม .6 ต สาม ร้อย ยอด อ สาม ร้อย ยอด, ประจวบคีรีขันธ์ ไทย', NULL, 1, 'xxxx', 1, 99, 0, '2018-11-11 20:16:37', '2018-11-11 20:17:02', '2018-11-11 20:17:02', 0, '0000-00-00 00:00:00', '0000-00-00 00:00:00'),
(49, 11, '1100049', '13.7014479', '100.3879038', 'ซอย บุญดำ แขวง หลักสอง เขต บางแค กรุงเทพมหานคร 10160 ประเทศไทย', '13.7092767', '100.4070259', '22 ซอย เพชรเกษม 47/2 แขวง บางแค เขต บางแค กรุงเทพมหานคร 10160 ประเทศไทย', NULL, 1, 'xxxx', 1, 99, 0, '2018-11-11 20:18:54', '2018-11-11 20:19:01', '2018-11-11 20:19:01', 0, '0000-00-00 00:00:00', '0000-00-00 00:00:00'),
(50, 11, '1100050', '13.7014479', '100.3879038', 'ซอย บุญดำ แขวง หลักสอง เขต บางแค กรุงเทพมหานคร 10160 ประเทศไทย', '13.7092767', '100.4070259', '22 ซอย เพชรเกษม 47/2 แขวง บางแค เขต บางแค กรุงเทพมหานคร 10160 ประเทศไทย', NULL, 1, 'xxxx', 1, 99, 0, '2018-11-11 20:21:02', '2018-11-11 20:21:06', '2018-11-11 20:21:06', 0, '0000-00-00 00:00:00', '0000-00-00 00:00:00'),
(51, 11, '1100051', '13.7014553', '100.3879424', 'ซอย บุญดำ แขวง หลักสอง เขต บางแค กรุงเทพมหานคร 10160 ประเทศไทย', '13.7212374', '100.5319924', 'สาทรซิตี้ ทาวเวอร์ แขวง ทุ่งมหาเมฆ เขต สาทร กรุงเทพมหานคร 10120 ประเทศไทย', NULL, 1, 'xxxx', 1, 99, 3, '2018-11-25 20:02:05', NULL, NULL, 0, '0000-00-00 00:00:00', '0000-00-00 00:00:00'),
(52, 11, '1100052', '13.7014548', '100.3879395', 'ซอย บุญดำ แขวง หลักสอง เขต บางแค กรุงเทพมหานคร 10160 ประเทศไทย', '13.7082502', '100.5200973', '9/12 ซอย จันทน์ 23/2 แขวง ทุ่งวัดดอน เขต สาทร กรุงเทพมหานคร 10120 ประเทศไทย', NULL, 1, 'xxxx', 1, 99, 0, '2018-11-25 20:05:01', '2018-11-25 20:05:34', '2018-11-25 20:05:34', 0, '0000-00-00 00:00:00', '0000-00-00 00:00:00'),
(53, 11, '1100053', '13.7082502', '100.5200973', '9/12 Soi Chan 23/2, Khwaeng Thung Wat Don, Khet Sathon, Krung Thep Maha Nakhon 10120, Thailand', '13.7563556', '100.5017719', '1 Dinso Rd, Khwaeng Wat Bowon Niwet, Khet Phra Nakhon, Krung Thep Maha Nakhon 10200, Thailand', NULL, 1, 'xxxx', 1, 99, 0, '2018-11-27 00:18:20', '2018-11-27 00:18:27', '2018-11-27 00:18:27', 0, '0000-00-00 00:00:00', '0000-00-00 00:00:00'),
(54, 1, '1100054', '13.7082502', '100.5200973', '9/12 ซอย จันทน์ 23/2 แขวง ทุ่งวัดดอน เขต สาทร กรุงเทพมหานคร 10120 ประเทศไทย', '13.7208774', '100.4578504', 'บางหว้า สวน เลียบ, ไทย', NULL, 1, 'xxxx', 1, 99, 0, '2018-11-27 22:48:10', '2018-11-27 22:48:19', '2018-11-27 22:48:19', 0, '0000-00-00 00:00:00', '0000-00-00 00:00:00'),
(55, 1, '1100055', '13.701454', '100.3879353', 'ซอย บุญดำ แขวง หลักสอง เขต บางแค กรุงเทพมหานคร 10160 ประเทศไทย', '13.6116427', '100.7333124', 'ซอย หมู่บ้านกรีนวัลเล่ย์ 2 ตำบลบางโฉลง บางพลี สมุทรปราการ 10540 ประเทศไทย', NULL, 1, 'xxxx', 1, 99, 0, '2018-11-27 23:42:39', '2018-11-27 23:42:42', '2018-11-27 23:42:42', 0, '0000-00-00 00:00:00', '0000-00-00 00:00:00'),
(56, 1, '1100056', '13.7014569', '100.3879504', 'ซอย บุญดำ แขวง หลักสอง เขต บางแค กรุงเทพมหานคร 10160 ประเทศไทย', '13.7208774', '100.4578504', 'บางหว้า สวน เลียบ, ไทย', NULL, 1, 'xxxx', 1, 99, 0, '2018-11-27 23:50:10', '2018-11-27 23:50:13', '2018-11-27 23:50:13', 0, '0000-00-00 00:00:00', '0000-00-00 00:00:00'),
(57, 1, '1100057', '12.7232276', '101.0518446', '65/27 สุขุมวิท ถนน สุขุมวิท 2 ตำบล บ้านฉาง อำเภอ บ้านฉาง ระยอง 21130 ประเทศไทย', '16.0539942', '103.6520229', '35/6 ถนน แจ้งสนิท อำเภอเมือง อำเภอเมืองร้อยเอ็ด ร้อยเอ็ด 45000 ประเทศไทย', NULL, 1, 'xxxx', 1, 99, 0, '2018-11-28 00:02:10', '2018-11-28 00:02:12', '2018-11-28 00:02:12', 0, '0000-00-00 00:00:00', '0000-00-00 00:00:00'),
(58, 1, '1100058', '13.7014539', '100.3879348', 'ซอย บุญดำ แขวง หลักสอง เขต บางแค กรุงเทพมหานคร 10160 ประเทศไทย', '13.6681447', '100.6141829', '44 Bang Na-Trat 4 Alley, แขวง บางนา เขต บางนา กรุงเทพมหานคร 10260 ประเทศไทย', NULL, 1, 'xxxx', 1, 99, 0, '2018-11-28 00:04:38', '2018-11-28 00:04:42', '2018-11-28 00:04:42', 0, '0000-00-00 00:00:00', '0000-00-00 00:00:00'),
(59, 1, '1100059', '13.7014543', '100.387937', 'ซอย บุญดำ แขวง หลักสอง เขต บางแค กรุงเทพมหานคร 10160 ประเทศไทย', '13.7234099', '100.5445024', '12 ซอย สาทร 1 แยก 2 แขวง ทุ่งมหาเมฆ เขต สาทร กรุงเทพมหานคร 10120 ประเทศไทย', NULL, 1, 'xxxx', 1, 99, 0, '2018-11-28 00:08:25', '2018-11-28 00:08:30', '2018-11-28 00:08:30', 0, '0000-00-00 00:00:00', '0000-00-00 00:00:00'),
(60, 1, '1100060', '13.7014565', '100.3879484', 'ซอย บุญดำ', '13.7853759', '100.5466106', '24/119, Paholyotin', NULL, 1, 'xxxx', 1, 99, 3, '2018-11-28 00:15:00', '2018-12-09 17:32:17', '2018-11-28 00:15:03', 6, '2018-12-09 17:32:17', '0000-00-00 00:00:00'),
(61, 11, '1100061', '13.7245003', '100.5107446', '926 ซอย เจริญนคร แขวง คลองต้นไทร เขต คลองสาน กรุงเทพมหานคร 10600 ประเทศไทย', '13.7158096', '100.4060982', 'ป้ายรถประจำทาง ห้างเดอะมอลล์บางแค 3 แขวง บางแคเหนือ เขต บางแค กรุงเทพมหานคร 10160 ประเทศไทย', NULL, 1, 'xxxx', 1, 99, 0, '2018-12-02 13:01:15', '2018-12-02 13:01:30', '2018-12-02 13:01:30', 0, '0000-00-00 00:00:00', '0000-00-00 00:00:00'),
(62, 11, '1100062', '13.7185583', '100.5087394', '931', '13.7647503', '100.6434082', 'The Mall Bangkapi', NULL, 2, 'Limo Booking', 15, 99, 0, '2018-12-03 20:02:56', '2018-12-03 20:04:31', '2018-12-03 20:04:31', 0, '0000-00-00 00:00:00', '0000-00-00 00:00:00'),
(63, 11, '1100063', '13.7014552', '100.3879419', 'ซอย บุญดำ', '13.7158096', '100.4060982', 'The Mall Bang Khae', NULL, 1, 'Limo Booking', 1, 99, 0, '2018-12-03 23:08:00', '2018-12-03 23:08:03', '2018-12-03 23:08:03', 0, '0000-00-00 00:00:00', '0000-00-00 00:00:00'),
(64, 11, '1100064', '13.7014552', '100.3879416', 'ซอย บุญดำ', '13.7158096', '100.4060982', 'The Mall Bang Khae', NULL, 1, 'Limo Booking', 1, 99, 3, '2018-12-03 23:18:36', NULL, NULL, 0, '0000-00-00 00:00:00', '0000-00-00 00:00:00'),
(65, 11, '1100065', '13.7014551', '100.3879411', 'ซอย บุญดำ', '13.785724', '100.5137723', 'Thanon Nakhon Chai Si', NULL, 1, 'Limo Booking', 1, 99, 3, '2018-12-03 23:27:01', '2018-12-09 16:28:13', NULL, 6, '2018-12-09 16:28:13', '0000-00-00 00:00:00'),
(66, 11, '1100066', '13.7158096', '100.4060982', 'The Mall Bang Khae', '13.7245003', '100.5107446', 'THE ORIENT ซอย เจริญนคร', NULL, 3, 'Test Note', 15, 99, 0, '2018-12-05 08:13:59', '2018-12-05 08:16:58', '2018-12-05 08:16:58', 0, '0000-00-00 00:00:00', '0000-00-00 00:00:00'),
(67, 11, '1100067', '13.7245003', '100.5107446', 'THE ORIENT ซอย เจริญนคร', '13.7158096', '100.4060982', 'The Mall Bang Khae', NULL, 2, 'Test5555', 16, 99, 0, '2018-12-05 08:41:29', '2018-12-05 08:42:30', '2018-12-05 08:42:30', 0, '0000-00-00 00:00:00', '0000-00-00 00:00:00'),
(68, 11, '1100068', '13.7245003', '100.5107446', 'THE ORIENT ซอย เจริญนคร', '8.0275178', '98.3331748', 'Thep Krasatti', NULL, 1, '', 16, 99, 0, '2018-12-05 16:52:59', '2018-12-05 16:53:05', '2018-12-05 16:53:05', 0, '0000-00-00 00:00:00', '0000-00-00 00:00:00'),
(69, 11, '1100069', '13.7158096', '100.4060982', 'The Mall Bang Khae', '13.7245003', '100.5107446', 'THE ORIENT ซอย เจริญนคร', NULL, 1, '', 16, 99, 0, '2018-12-05 16:55:03', '2018-12-05 16:55:04', '2018-12-05 16:55:04', 0, '0000-00-00 00:00:00', '0000-00-00 00:00:00'),
(70, 11, '1100070', '13.7158096', '100.4060982', 'The Mall Bang Khae', '13.7245003', '100.5107446', 'THE ORIENT ซอย เจริญนคร', NULL, 1, '', 16, 99, 0, '2018-12-05 16:57:45', '2018-12-05 16:57:52', '2018-12-05 16:57:52', 0, '0000-00-00 00:00:00', '0000-00-00 00:00:00'),
(71, 11, '1100071', '13.7245003', '100.5107446', 'THE ORIENT ซอย เจริญนคร', '13.7158096', '100.4060982', 'The Mall Bang Khae', NULL, 1, '', 16, 99, 0, '2018-12-05 16:58:37', '2018-12-05 16:58:44', '2018-12-05 16:58:44', 0, '0000-00-00 00:00:00', '0000-00-00 00:00:00'),
(72, 11, '1100072', '13.7014548', '100.3879397', 'ซอย บุญดำ', '13.7245003', '100.5107446', 'THE ORIENT ซอย เจริญนคร', NULL, 1, '', 23, 99, 0, '2018-12-06 00:59:58', '2018-12-06 01:00:01', '2018-12-06 01:00:01', 0, '0000-00-00 00:00:00', '0000-00-00 00:00:00'),
(73, 11, '1100073', '13.7014554', '100.3879428', 'ซอย บุญดำ', '13.7158096', '100.4060982', 'The Mall Bang Khae', NULL, 2, 'Test', 21, 99, 0, '2018-12-06 01:05:31', '2018-12-06 01:05:39', '2018-12-06 01:05:39', 0, '0000-00-00 00:00:00', '0000-00-00 00:00:00'),
(74, 28, '1100074', '13.805126', '100.420993', 'Soi Mu Ban Rom Ruen Ville', '13.7121938', '100.3515117', 'หมู่บ้านชมเดือน 2', NULL, 1, 'ทดสอบ', 25, 99, 0, '2018-12-06 06:45:42', '2018-12-06 06:45:46', '2018-12-06 06:45:46', 0, '0000-00-00 00:00:00', '0000-00-00 00:00:00'),
(75, 11, '1100075', '13.7014613', '100.3879737', 'ซอย บุญดำ', '13.7245003', '100.5107446', 'THE ORIENT ซอย เจริญนคร', NULL, 1, '', 23, 99, 0, '2018-12-07 23:03:10', '2018-12-07 23:03:15', '2018-12-07 23:03:15', 0, '0000-00-00 00:00:00', '0000-00-00 00:00:00'),
(76, 11, '1100076', '13.7014617', '100.3879758', 'ซอย บุญดำ', '13.7245003', '100.5107446', 'THE ORIENT ซอย เจริญนคร', NULL, 1, '', 40, 99, 0, '2018-12-08 00:55:18', '2018-12-08 00:55:19', '2018-12-08 00:55:19', 0, '0000-00-00 00:00:00', '0000-00-00 00:00:00'),
(77, 11, '1100077', '13.7014617', '100.3879758', 'ซอย บุญดำ', '13.7245003', '100.5107446', 'THE ORIENT ซอย เจริญนคร', NULL, 1, '', 40, 99, 0, '2018-12-08 00:57:57', '2018-12-08 00:58:03', '2018-12-08 00:58:03', 0, '0000-00-00 00:00:00', '0000-00-00 00:00:00'),
(78, 11, '1100078', '13.7014617', '100.3879758', 'ซอย บุญดำ', '13.7278023', '100.5955741', 'ซอย สุขุมวิท', NULL, 1, '', 40, 99, 0, '2018-12-08 00:58:31', '2018-12-08 00:58:38', '2018-12-08 00:58:38', 0, '0000-00-00 00:00:00', '0000-00-00 00:00:00'),
(79, 11, '1100079', '13.7014617', '100.3879759', 'ซอย บุญดำ', '13.7278023', '100.5955741', 'ซอย สุขุมวิท', NULL, 1, '', 40, 99, 0, '2018-12-08 01:01:20', '2018-12-08 01:01:25', '2018-12-08 01:01:25', 0, '0000-00-00 00:00:00', '0000-00-00 00:00:00'),
(80, 11, '1100080', '13.7245003', '100.5107446', 'THE ORIENT ซอย เจริญนคร', '13.7245003', '100.5107446', 'THE ORIENT ซอย เจริญนคร', NULL, 1, '', 40, 99, 0, '2018-12-08 01:03:46', '2018-12-08 01:03:47', '2018-12-08 01:03:47', 0, '0000-00-00 00:00:00', '0000-00-00 00:00:00'),
(81, 11, '1100081', '13.7014593', '100.3879632', 'ซอย บุญดำ', '13.7278023', '100.5955741', 'ซอย สุขุมวิท', NULL, 1, '', 40, 99, 0, '2018-12-08 01:05:45', '2018-12-08 01:05:49', '2018-12-08 01:05:49', 0, '0000-00-00 00:00:00', '0000-00-00 00:00:00'),
(82, 11, '1100082', '13.7014618', '100.3879761', 'ซอย บุญดำ', '13.7245003', '100.5107446', 'THE ORIENT ซอย เจริญนคร', NULL, 1, '', 40, 99, 0, '2018-12-08 01:08:57', '2018-12-08 01:09:00', '2018-12-08 01:09:00', 0, '0000-00-00 00:00:00', '0000-00-00 00:00:00'),
(83, 11, '1100083', '13.7014591', '100.3879622', 'ซอย บุญดำ', '13.7647503', '100.6434082', 'The Mall Bangkapi', NULL, 1, '', 40, 99, 0, '2018-12-08 01:11:27', '2018-12-08 01:11:33', '2018-12-08 01:11:33', 0, '0000-00-00 00:00:00', '0000-00-00 00:00:00'),
(84, 11, '1100084', '13.7014593', '100.387963', 'ซอย บุญดำ', '13.7245003', '100.5107446', 'THE ORIENT ซอย เจริญนคร', NULL, 1, 'Tyyu', 41, 99, 0, '2018-12-08 02:53:07', '2018-12-08 02:53:10', '2018-12-08 02:53:10', 0, '0000-00-00 00:00:00', '0000-00-00 00:00:00'),
(85, 28, '1100085', '13.8051239', '100.4209949', 'Soi Mu Ban Rom Ruen Ville', '13.8132428', '100.5489915', 'ทำงาน หมอชิต', NULL, 1, 'มารับไวๆ หน่อยครับ', 43, 99, 0, '2018-12-08 09:08:32', '2018-12-08 09:08:40', '2018-12-08 09:08:40', 0, '0000-00-00 00:00:00', '0000-00-00 00:00:00'),
(86, 11, '1100086', '13.7014547', '100.3879389', 'ซอย บุญดำ', '13.7158096', '100.4060982', 'The Mall Bang Khae zzzzzz', NULL, 1, '', 41, 99, 0, '2018-12-09 18:24:54', '2018-12-09 18:25:51', '2018-12-09 18:25:51', 0, '0000-00-00 00:00:00', '0000-00-00 00:00:00'),
(87, 11, '1100087', '13.7014527', '100.3879285', 'ซอย บุญดำ', '13.7158096', '100.4060982', 'The Mall Bang Khae', NULL, 1, 'Go go go', 40, 99, 0, '2018-12-09 19:14:52', '2018-12-09 19:18:49', '2018-12-09 19:18:49', 0, '0000-00-00 00:00:00', '0000-00-00 00:00:00'),
(88, 11, '1100088', '13.7014545', '100.3879382', 'ซอย บุญดำ', '13.7647503', '100.6434082', 'The Mall Bangkapi', NULL, 1, '', 41, 99, 0, '2018-12-09 19:23:31', '2018-12-09 19:27:28', '2018-12-09 19:27:28', 0, '0000-00-00 00:00:00', '0000-00-00 00:00:00'),
(89, 11, '1100089', '13.7014543', '100.3879368', 'ซอย บุญดำ', '13.7647503', '100.6434082', 'The Mall Bangkapi', NULL, 1, '', 41, 99, 0, '2018-12-09 19:29:11', '2018-12-09 19:32:29', '2018-12-09 19:32:29', 0, '0000-00-00 00:00:00', '0000-00-00 00:00:00'),
(90, 11, '1100090', '13.7014527', '100.3879289', 'ซอย บุญดำ', '13.7245003', '100.5107446', 'THE ORIENT ซอย เจริญนคร', NULL, 1, '', 41, 99, 0, '2018-12-09 19:36:27', '2018-12-09 19:36:33', '2018-12-09 19:36:33', 0, '0000-00-00 00:00:00', '0000-00-00 00:00:00'),
(91, 28, '1100091', '13.8051327', '100.4209868', 'Soi Mu Ban Rom Ruen Ville', '13.8132428', '100.5489915', 'ทำงาน หมอชิต', NULL, 1, '', 43, 99, 0, '2018-12-09 23:20:47', NULL, NULL, 0, '0000-00-00 00:00:00', '0000-00-00 00:00:00'),
(92, 28, '1100092', '13.8051065', '100.4211934', 'Soi Mu Ban Rom Ruen Ville', '13.7158096', '100.4060982', 'The Mall Bang Khae บางแค', NULL, 1, '', 43, 99, 0, '2018-12-09 23:26:10', NULL, NULL, 0, '0000-00-00 00:00:00', '0000-00-00 00:00:00'),
(93, 11, '1100093', '13.7014591', '100.3879623', 'ซอย บุญดำ', '13.7278023', '100.5955741', 'ซอย สุขุมวิท', NULL, 1, '', 41, 1174, 0, '2018-12-11 17:53:54', NULL, NULL, 0, '0000-00-00 00:00:00', '0000-00-00 00:00:00'),
(94, 11, '1100094', '13.779003', '100.573967', 'ขอนแก่น', '13.848676', '100.569073', 'อนุสาวรีย์ชัย', NULL, 2, 'test Note', 40, 199, 0, '2018-12-11 18:03:37', NULL, NULL, 0, '0000-00-00 00:00:00', '0000-00-00 00:00:00'),
(95, 11, '1100095', '13.7014553', '100.3879421', 'ซอย บุญดำ', '13.7647503', '100.6434082', 'The Mall Bangkapi', NULL, 1, '', 41, 1295, 0, '2018-12-11 18:09:41', '2018-12-11 18:13:30', '2018-12-11 18:13:30', 0, '0000-00-00 00:00:00', '0000-00-00 00:00:00'),
(96, 11, '1100096', '13.7014569', '100.3879504', 'ซอย บุญดำ', '13.7647503', '100.6434082', 'The Mall Bangkapi', NULL, 1, '', 41, 1294, 0, '2018-12-11 19:00:07', NULL, NULL, 0, '0000-00-00 00:00:00', '0000-00-00 00:00:00'),
(97, 28, '1100097', '13.7447419', '100.5394901', 'Unnamed Road', '13.8061003', '100.4183633', 'บ้านนิค', NULL, 1, '', 43, 99, 0, '2018-12-11 19:26:30', '2018-12-11 19:26:32', '2018-12-11 19:26:32', 0, '0000-00-00 00:00:00', '0000-00-00 00:00:00'),
(98, 11, '1100098', '13.7014603', '100.3879686', 'ซอย บุญดำ', '13.7158096', '100.4060982', 'The Mall Bang Khae zzzzzz', NULL, 1, '', 41, 347, 0, '2018-12-11 21:47:27', '2018-12-11 21:47:28', '2018-12-11 21:47:28', 0, '0000-00-00 00:00:00', '0000-00-00 00:00:00'),
(99, 11, '1100099', '13.779003', '100.573967', 'ขอนแก่น', '13.848676', '100.569073', 'อนุสาวรีย์ชัย', NULL, 2, 'test Note', 40, 199, 0, '2018-12-11 22:06:06', NULL, NULL, 0, '0000-00-00 00:00:00', '0000-00-00 00:00:00'),
(100, 11, '1100100', '13.7245003', '100.5107446', 'THE ORIENT ซอย เจริญนคร', '13.7278023', '100.5955741', 'ซอย สุขุมวิท', NULL, 1, '', 41, 695, 1, '2018-12-11 23:23:44', '2018-12-11 23:30:34', NULL, 6, '2018-12-11 23:27:34', '2018-12-11 23:30:34'),
(101, 11, '1100101', '13.7245003', '100.5107446', 'THE ORIENT ซอย เจริญนคร', '13.7158096', '100.4060982', 'The Mall Bang Khae', NULL, 1, '', 41, 604, 3, '2018-12-11 23:43:55', '2018-12-11 23:44:21', NULL, 6, '2018-12-11 23:44:21', '0000-00-00 00:00:00'),
(102, 11, '1100102', '13.7245003', '100.5107446', 'THE ORIENT ซอย เจริญนคร', '13.7158096', '100.4060982', 'The Mall Bang Khae', NULL, 1, '', 41, 604, 1, '2018-12-13 00:07:44', '2018-12-13 00:10:47', NULL, 6, '2018-12-13 00:08:19', '2018-12-13 00:10:47'),
(103, 11, '1100103', '13.7278023', '100.5955741', 'ซอย สุขุมวิท', '13.7245003', '100.5107446', 'THE ORIENT ซอย เจริญนคร', NULL, 1, '', 40, 736, 1, '2018-12-13 00:22:47', '2018-12-13 00:24:44', NULL, 6, '2018-12-13 00:23:19', '2018-12-13 00:24:44'),
(104, 11, '1100104', '13.7245003', '100.5107446', 'THE ORIENT ซอย เจริญนคร', '13.7158096', '100.4060982', 'The Mall Bang Khae', NULL, 1, '', 41, 604, 1, '2018-12-13 00:24:54', '2018-12-13 00:27:06', NULL, 6, '2018-12-13 00:25:24', '2018-12-13 00:27:06'),
(105, 11, '1100105', '13.7278023', '100.5955741', 'ซอย สุขุมวิท', '13.7245003', '100.5107446', 'THE ORIENT ซอย เจริญนคร', NULL, 1, '', 41, 736, 1, '2018-12-13 00:27:13', '2018-12-13 00:32:26', NULL, 6, '2018-12-13 00:29:21', '2018-12-13 00:32:26'),
(106, 11, '1100106', '13.7158096', '100.4060982', 'The Mall Bang Khae', '13.7278023', '100.5955741', 'ซอย สุขุมวิท', NULL, 1, '', 41, 1025, 1, '2018-12-13 00:32:46', '2018-12-13 00:34:32', NULL, 6, '2018-12-13 00:33:14', '2018-12-13 00:34:32'),
(107, 11, '1100107', '13.7158096', '100.4060982', 'The Mall Bang Khae', '13.7245003', '100.5107446', 'THE ORIENT ซอย เจริญนคร', NULL, 1, '', 41, 520, 0, '2018-12-13 00:34:41', '2018-12-13 00:36:41', '2018-12-13 00:36:41', 6, '2018-12-13 00:35:12', '0000-00-00 00:00:00'),
(108, 11, '1100108', '13.7158096', '100.4060982', 'The Mall Bang Khae', '13.7245003', '100.5107446', 'THE ORIENT ซอย เจริญนคร', NULL, 1, '', 41, 520, 1, '2018-12-13 00:46:55', '2018-12-13 00:49:50', NULL, 6, '2018-12-13 00:47:01', '2018-12-13 00:49:50'),
(109, 11, '1100109', '13.7158096', '100.4060982', 'The Mall Bang Khae', '13.7245003', '100.5107446', 'THE ORIENT ซอย เจริญนคร', NULL, 1, '', 41, 520, 1, '2018-12-13 00:49:58', '2018-12-13 00:54:04', NULL, 6, '2018-12-13 00:51:02', '2018-12-13 00:54:04'),
(110, 11, '1100110', '13.7158096', '100.4060982', 'The Mall Bang Khae', '13.7245003', '100.5107446', 'THE ORIENT ซอย เจริญนคร', NULL, 1, '', 41, 520, 1, '2018-12-13 00:54:16', '2018-12-13 00:55:15', NULL, 6, '2018-12-13 00:55:01', '2018-12-13 00:55:15'),
(111, 11, '1100111', '13.7158096', '100.4060982', 'The Mall Bang Khae', '13.7245003', '100.5107446', 'THE ORIENT ซอย เจริญนคร', NULL, 1, '', 41, 520, 1, '2018-12-13 01:09:28', '2018-12-13 01:11:53', NULL, 6, '2018-12-13 01:10:04', '2018-12-13 01:11:53'),
(112, 11, '1100112', '13.7245003', '100.5107446', 'THE ORIENT ซอย เจริญนคร', '13.7245003', '100.5107446', 'THE ORIENT ซอย เจริญนคร', NULL, 1, '', 41, 130, 0, '2018-12-13 01:12:00', '2018-12-13 01:12:12', '2018-12-13 01:12:12', 0, '0000-00-00 00:00:00', '0000-00-00 00:00:00'),
(113, 11, '1100113', '13.7278023', '100.5955741', 'ซอย สุขุมวิท', '13.7245003', '100.5107446', 'THE ORIENT ซอย เจริญนคร', NULL, 1, '', 41, 736, 1, '2018-12-13 01:12:18', '2018-12-13 01:14:44', NULL, 6, '2018-12-13 01:13:01', '2018-12-13 01:14:44'),
(114, 11, '1100114', '13.7278023', '100.5955741', 'ซอย สุขุมวิท', '13.7245003', '100.5107446', 'THE ORIENT ซอย เจริญนคร', NULL, 1, '', 41, 736, 1, '2018-12-13 01:15:35', '2018-12-13 01:16:29', NULL, 6, '2018-12-13 01:16:01', '2018-12-13 01:16:29'),
(115, 11, '1100115', '13.7278023', '100.5955741', 'ซอย สุขุมวิท', '13.7245003', '100.5107446', 'THE ORIENT ซอย เจริญนคร', NULL, 1, '', 41, 736, 1, '2018-12-13 01:16:36', '2018-12-13 01:18:03', NULL, 6, '2018-12-13 01:17:02', '2018-12-13 01:18:03'),
(116, 11, '1100116', '13.7158096', '100.4060982', 'The Mall Bang Khae', '13.7245003', '100.5107446', 'THE ORIENT ซอย เจริญนคร', NULL, 1, '', 41, 520, 1, '2018-12-13 01:18:54', '2018-12-13 01:21:18', NULL, 6, '2018-12-13 01:19:01', '2018-12-13 01:21:18'),
(117, 11, '1100117', '13.7158096', '100.4060982', 'The Mall Bang Khae', '13.7245003', '100.5107446', 'THE ORIENT ซอย เจริญนคร', NULL, 1, '', 41, 520, 1, '2018-12-13 01:21:16', '2018-12-13 01:23:29', NULL, 6, '2018-12-13 01:22:01', '2018-12-13 01:23:29'),
(118, 11, '1100118', '13.7158096', '100.4060982', 'The Mall Bang Khae', '13.7245003', '100.5107446', 'THE ORIENT ซอย เจริญนคร', NULL, 1, '', 41, 520, 1, '2018-12-13 01:23:36', '2018-12-13 01:30:27', NULL, 6, '2018-12-13 01:30:06', '2018-12-13 01:30:27'),
(119, 11, '1100119', '13.7158096', '100.4060982', 'The Mall Bang Khae', '13.7245003', '100.5107446', 'THE ORIENT ซอย เจริญนคร', NULL, 1, '', 41, 520, 1, '2018-12-13 01:30:34', '2018-12-13 01:31:55', NULL, 6, '2018-12-13 01:31:01', '2018-12-13 01:31:55'),
(120, 11, '1100120', '13.7158096', '100.4060982', 'The Mall Bang Khae', '13.7245003', '100.5107446', 'THE ORIENT ซอย เจริญนคร', NULL, 1, '', 41, 520, 1, '2018-12-13 01:33:12', '2018-12-13 01:35:01', NULL, 6, '2018-12-13 01:34:01', '2018-12-13 01:35:01'),
(121, 11, '1100121', '13.7158096', '100.4060982', 'The Mall Bang Khae', '13.7245003', '100.5107446', 'THE ORIENT ซอย เจริญนคร', NULL, 1, '', 41, 520, 1, '2018-12-13 01:35:07', '2018-12-13 01:36:41', NULL, 6, '2018-12-13 01:36:00', '2018-12-13 01:36:41'),
(122, 28, '1100122', '13.7116672', '100.353281', '73/22', '13.8061003', '100.4183633', 'บ้านนิค', NULL, 1, '', 43, 696, 0, '2018-12-13 06:23:59', '2018-12-13 06:24:11', '2018-12-13 06:24:11', 0, '0000-00-00 00:00:00', '0000-00-00 00:00:00'),
(123, 11, '1100123', '13.7185583', '100.5087394', '931', '13.7278023', '100.5955741', 'ซอย สุขุมวิท', NULL, 1, '', 41, 617, 0, '2018-12-13 14:25:09', '2018-12-13 14:27:12', '2018-12-13 14:27:12', 0, '0000-00-00 00:00:00', '0000-00-00 00:00:00'),
(124, 28, '1100124', '13.7448131', '100.5391035', '492/1', '13.7121938', '100.3515117', 'ชมเดือน', NULL, 1, '', 43, 1074, 0, '2018-12-13 18:33:45', '2018-12-13 18:34:00', '2018-12-13 18:34:00', 0, '0000-00-00 00:00:00', '0000-00-00 00:00:00'),
(125, 11, '1100125', '13.6929557', '100.4729618', '', '13.7278023', '100.5955741', 'ซอย สุขุมวิท', NULL, 1, '', 41, 738, 0, '2018-12-14 18:39:12', '2018-12-14 18:39:14', '2018-12-14 18:39:14', 0, '0000-00-00 00:00:00', '0000-00-00 00:00:00'),
(126, 11, '1100126', '13.7197136', '100.4957033', '931', '13.7278023', '100.5955741', 'ซอย สุขุมวิท', NULL, 1, '', 41, 718, 0, '2018-12-14 18:43:17', NULL, NULL, 0, '0000-00-00 00:00:00', '0000-00-00 00:00:00'),
(127, 11, '1100127', '13.6942053', '100.478761', '931', '13.7278023', '100.5955741', 'ซอย สุขุมวิท', NULL, 1, '', 41, 689, 0, '2018-12-14 18:51:07', '2018-12-14 18:51:11', '2018-12-14 18:51:11', 0, '0000-00-00 00:00:00', '0000-00-00 00:00:00'),
(128, 11, '1100128', '13.655099', '100.4824283', '931', '13.7245003', '100.5107446', 'THE ORIENT ซอย เจริญนคร', NULL, 1, '', 41, 556, 0, '2018-12-14 18:51:56', '2018-12-14 18:51:59', '2018-12-14 18:51:59', 0, '0000-00-00 00:00:00', '0000-00-00 00:00:00'),
(129, 11, '1100129', '13.6998786', '100.4822792', '', '13.7278023', '100.5955741', 'ซอย สุขุมวิท', NULL, 1, '', 41, 640, 0, '2018-12-14 18:55:15', '2018-12-14 18:55:18', '2018-12-14 18:55:18', 0, '0000-00-00 00:00:00', '0000-00-00 00:00:00'),
(130, 11, '1100130', '13.7185583', '100.5087394', '', '13.7647503', '100.6434082', 'The Mall Bangkapi', NULL, 1, '', 41, 862, 0, '2018-12-14 18:58:21', '2018-12-14 18:58:24', '2018-12-14 18:58:24', 0, '0000-00-00 00:00:00', '0000-00-00 00:00:00'),
(131, 11, '1100131', '13.7245003', '100.5107446', 'THE ORIENT ซอย เจริญนคร', '13.7158096', '100.4060982', 'The Mall Bang Khae', NULL, 1, '', 41, 604, 0, '2018-12-14 19:01:27', '2018-12-14 19:01:30', '2018-12-14 19:01:30', 0, '0000-00-00 00:00:00', '0000-00-00 00:00:00'),
(132, 11, '1100132', '13.7175852', '100.4967769', '', '13.7278023', '100.5955741', 'ซอย สุขุมวิท', NULL, 1, '', 41, 754, 0, '2018-12-14 19:05:17', '2018-12-14 19:05:19', '2018-12-14 19:05:19', 0, '0000-00-00 00:00:00', '0000-00-00 00:00:00'),
(133, 11, '1100133', '13.6594101', '100.4834776', '931', '13.7278023', '100.5955741', 'ซอย สุขุมวิท', NULL, 1, '', 41, 709, 0, '2018-12-14 19:15:40', '2018-12-14 19:15:43', '2018-12-14 19:15:43', 0, '0000-00-00 00:00:00', '0000-00-00 00:00:00'),
(134, 11, '1100134', '13.6502689', '100.4844328', '931', '13.7278023', '100.5955741', 'ซอย สุขุมวิท', NULL, 1, '', 41, 750, 0, '2018-12-14 19:22:59', NULL, NULL, 0, '0000-00-00 00:00:00', '0000-00-00 00:00:00'),
(135, 11, '1100135', '13.6411317', '100.4722091', '', '13.7647503', '100.6434082', 'The Mall Bangkapi', NULL, 1, '', 41, 1192, 0, '2018-12-14 19:28:00', '2018-12-14 19:28:04', '2018-12-14 19:28:04', 0, '0000-00-00 00:00:00', '0000-00-00 00:00:00'),
(136, 11, '1100136', '13.7014554', '100.387943', '', '13.7278023', '100.5955741', 'ซอย สุขุมวิท', NULL, 1, '', 41, 1052, 0, '2018-12-14 20:54:31', '2018-12-14 20:54:34', '2018-12-14 20:54:34', 0, '0000-00-00 00:00:00', '0000-00-00 00:00:00'),
(137, 11, '1100137', '13.7014546', '100.3879387', '', '13.7245003', '100.5107446', 'THE ORIENT ซอย เจริญนคร', NULL, 1, '', 41, 673, 0, '2018-12-14 20:57:51', '2018-12-14 20:57:57', '2018-12-14 20:57:57', 0, '0000-00-00 00:00:00', '0000-00-00 00:00:00'),
(138, 11, '1100138', '13.7014552', '100.387942', 'ซอย บุญดำ', '13.7245003', '100.5107446', 'THE ORIENT ซอย เจริญนคร', NULL, 1, '', 41, 673, 0, '2018-12-14 20:59:44', '2018-12-14 20:59:46', '2018-12-14 20:59:46', 0, '0000-00-00 00:00:00', '0000-00-00 00:00:00'),
(139, 11, '1100139', '13.6994214', '100.3887313', 'ซอย บุญดำ', '13.7278023', '100.5955741', 'ซอย สุขุมวิท', NULL, 1, '', 41, 1181, 0, '2018-12-14 21:02:45', '2018-12-14 21:02:51', '2018-12-14 21:02:51', 0, '0000-00-00 00:00:00', '0000-00-00 00:00:00'),
(140, 11, '1100140', '13.6994214', '100.3887313', 'ซอย บุญดำ', '13.7647503', '100.6434082', 'The Mall Bangkapi', NULL, 1, '', 41, 1374, 0, '2018-12-14 21:14:44', '2018-12-14 21:14:49', '2018-12-14 21:14:49', 0, '0000-00-00 00:00:00', '0000-00-00 00:00:00'),
(141, 11, '1100141', '13.7245003', '100.5107446', 'THE ORIENT ซอย เจริญนคร', '13.7278023', '100.5955741', 'ซอย สุขุมวิท', NULL, 1, '', 41, 572, 0, '2018-12-14 21:15:10', '2018-12-14 21:15:12', '2018-12-14 21:15:12', 0, '0000-00-00 00:00:00', '0000-00-00 00:00:00'),
(142, 28, '1100142', '13.8047109', '100.4216178', 'Soi Mu Ban Rom Ruen Ville', '13.8132428', '100.5489915', 'หมอชิต 2', NULL, 1, '', 47, 648, 0, '2018-12-17 19:34:43', '2018-12-17 19:34:46', '2018-12-17 19:34:46', 0, '0000-00-00 00:00:00', '0000-00-00 00:00:00'),
(143, 28, '1100143', '13.8047109', '100.4216178', 'Soi Mu Ban Rom Ruen Ville', '13.8132428', '100.5489915', 'หมอชิต 2', NULL, 1, '', 47, 648, 0, '2018-12-17 19:42:24', NULL, NULL, 0, '0000-00-00 00:00:00', '0000-00-00 00:00:00'),
(144, 48, '1100144', '13.8047109', '100.4216178', 'Soi Mu Ban Rom Ruen Ville', '13.8132428', '100.5489915', 'หมอชิต 2', NULL, 1, '', 47, 648, 0, '2018-12-17 20:01:13', '2018-12-17 20:30:58', '2018-12-17 20:30:58', 0, '0000-00-00 00:00:00', '0000-00-00 00:00:00'),
(145, 48, '1100145', '13.8047109', '100.4216178', 'Soi Mu Ban Rom Ruen Ville', '13.7447794', '100.5456085', 'เซ็นทรัล ชิดลม ทาวเวอร์', NULL, 1, 'แกเ', 47, 880, 0, '2018-12-17 20:30:11', '2018-12-17 20:30:43', '2018-12-17 20:30:43', 0, '0000-00-00 00:00:00', '0000-00-00 00:00:00'),
(146, 48, '1100146', '13.8047109', '100.4216178', 'Soi Mu Ban Rom Ruen Ville', '13.8132428', '100.5489915', 'หมอชิต 2', NULL, 1, 'แกเ', 46, 648, 0, '2018-12-17 20:31:15', '2018-12-18 09:31:13', '2018-12-18 09:31:13', 0, '0000-00-00 00:00:00', '0000-00-00 00:00:00'),
(147, 48, '1100147', '13.8047109', '100.4216178', 'Soi Mu Ban Rom Ruen Ville', '13.8132428', '100.5489915', 'หมอชิต 2', NULL, 1, '', 47, 648, 0, '2018-12-17 20:35:35', '2018-12-17 20:35:38', '2018-12-17 20:35:38', 0, '0000-00-00 00:00:00', '0000-00-00 00:00:00'),
(148, 48, '1100148', '13.8047109', '100.4216178', 'Soi Mu Ban Rom Ruen Ville', '13.8132428', '100.5489915', 'หมอชิต 2', NULL, 1, 'า', 47, 648, 0, '2018-12-17 20:35:52', '2018-12-17 20:35:54', '2018-12-17 20:35:54', 0, '0000-00-00 00:00:00', '0000-00-00 00:00:00'),
(149, 48, '1100149', '13.805185', '100.421064', 'บ้านนิค', '13.779247', '100.443328', 'สวนอาหารบ้านดาวล้อมเดือน', NULL, 1, 'test Note Postman', 45, 200, 0, '2018-12-24 19:03:25', '2018-12-24 19:05:43', NULL, 2, '2018-12-24 19:05:43', '0000-00-00 00:00:00'),
(150, 48, '1100150', '13.805185', '100.421064', 'บ้านนิค', '13.779247', '100.443328', 'สวนอาหารบ้านดาวล้อมเดือน', NULL, 1, 'test Note Postman2', 45, 200, 0, '2018-12-24 19:14:26', '2018-12-24 19:20:01', '2018-12-24 19:20:01', 0, '0000-00-00 00:00:00', '0000-00-00 00:00:00'),
(151, 48, '1100151', '13.805185', '100.421064', 'บ้านนิค', '13.779247', '100.443328', 'สวนอาหารบ้านดาวล้อมเดือน', NULL, 1, 'test Note Postman3', 45, 200, 4, '2018-12-24 19:33:30', '2018-12-24 19:37:10', NULL, 2, '2018-12-24 19:34:48', '2018-12-24 19:37:10'),
(152, 48, '1100152', '13.805185', '100.421064', 'บ้านนิค', '13.779247', '100.443328', 'สวนอาหารบ้านดาวล้อมเดือน', NULL, 1, 'test Note Postman4', 45, 200, 0, '2018-12-24 20:00:09', '2018-12-24 20:05:01', '2018-12-24 20:05:01', 0, '0000-00-00 00:00:00', '0000-00-00 00:00:00'),
(153, 48, '1100153', '13.805185', '100.421064', 'บ้านนิค', '13.779247', '100.443328', 'สวนอาหารบ้านดาวล้อมเดือน', NULL, 1, 'test Note Postman5', 45, 200, 4, '2018-12-24 20:00:12', '2018-12-24 20:01:42', NULL, 2, '2018-12-24 20:01:10', '2018-12-24 20:01:42'),
(154, 48, '1100154', '13.805185', '100.421064', 'บ้านนิค', '13.779247', '100.443328', 'สวนอาหารบ้านดาวล้อมเดือน', NULL, 1, 'test Note Postman6', 45, 200, 0, '2018-12-24 20:00:15', '2018-12-24 20:05:01', '2018-12-24 20:05:01', 0, '0000-00-00 00:00:00', '0000-00-00 00:00:00'),
(155, 48, '1100155', '13.805185', '100.421064', 'บ้านนิค', '13.779247', '100.443328', 'สวนอาหารบ้านดาวล้อมเดือน', NULL, 1, 'test Note Postman7', 45, 2000, 1, '2018-12-24 20:16:35', '2018-12-24 20:17:49', NULL, 2, '2018-12-24 20:17:45', '2018-12-24 20:17:49'),
(156, 48, '1100156', '13.805185', '100.421064', 'บ้านนิค', '13.779247', '100.443328', 'สวนอาหารบ้านดาวล้อมเดือน', NULL, 1, 'test Note Postman10', 45, 1200, 1, '2018-12-24 20:20:47', '2018-12-24 20:21:39', NULL, 2, '2018-12-24 20:21:36', '2018-12-24 20:21:39'),
(157, 48, '1100157', '13.8047109', '100.4216178', 'ซอย หมู่บ้านร่มรื่นวิลล์', '13.7121938', '100.3515117', 'หมู่บ้านชมเดือน 2', NULL, 1, '', 47, 610, 1, '2018-12-28 16:58:56', '2018-12-28 17:02:03', NULL, 2, '2018-12-28 17:00:01', '2018-12-28 17:02:03'),
(158, 11, '1100158', '13.6994214', '100.3887313', 'ซอย บุญดำ', '13.7245003', '100.5107446', 'THE ORIENT ซอย เจริญนคร', NULL, 1, '', 41, 619, 0, '2019-01-01 14:51:19', '2019-01-01 14:51:24', '2019-01-01 14:51:24', 0, '0000-00-00 00:00:00', '0000-00-00 00:00:00'),
(159, 11, '1100159', '13.6994214', '100.3887313', 'ซอย บุญดำ', '13.7245003', '100.5107446', 'THE ORIENT ซอย เจริญนคร', NULL, 1, '', 41, 619, 0, '2019-01-01 15:18:57', '2019-01-01 15:25:01', '2019-01-01 15:25:01', 0, '0000-00-00 00:00:00', '0000-00-00 00:00:00'),
(160, 1, '1100160', '13.6116427', '100.7333124', 'บางพลี', '13.6681447', '100.6141829', 'เขต บางนา', NULL, 1, '', 14, 451, 0, '2019-01-01 15:25:32', '2019-01-01 15:26:21', '2019-01-01 15:26:21', 0, '0000-00-00 00:00:00', '0000-00-00 00:00:00'),
(161, 11, '1100161', '13.6994214', '100.3887313', 'ซอย บุญดำ', '13.7153408', '100.5637287', 'สายใต้ใหม่', NULL, 1, '', 14, 800, 3, '2019-01-01 15:27:30', '2019-01-01 15:27:41', NULL, 6, '2019-01-01 15:27:41', '0000-00-00 00:00:00'),
(162, 1, '1100162', '13.6994214', '100.3887313', 'ซอย บุญดำ', '13.7153408', '100.5637287', 'สายใต้ใหม่', NULL, 1, '', 14, 800, 0, '2019-01-01 17:17:37', '2019-01-01 17:17:41', '2019-01-01 17:17:41', 0, '0000-00-00 00:00:00', '0000-00-00 00:00:00'),
(163, 11, '1100163', '13.7245003', '100.5107446', 'THE ORIENT ซอย เจริญนคร', '13.7158096', '100.4060982', 'The Mall Bang Khae', NULL, 1, '', 41, 547, 1, '2019-01-01 19:20:58', '2019-01-01 19:23:50', NULL, 2, '2019-01-01 19:21:17', '2019-01-01 19:23:50'),
(164, 11, '1100164', '13.6994214', '100.3887313', 'ซอย บุญดำ', '13.7647503', '100.6434082', 'The Mall Bangkapi', NULL, 1, '', 41, 1255, 0, '2019-01-01 19:24:14', '2019-01-01 19:30:01', '2019-01-01 19:30:01', 0, '0000-00-00 00:00:00', '0000-00-00 00:00:00'),
(165, 11, '1100165', '13.7245003', '100.5107446', 'THE ORIENT ซอย เจริญนคร', '13.7647503', '100.6434082', 'The Mall Bangkapi', NULL, 1, '', 41, 756, 1, '2019-01-01 19:41:55', '2019-01-01 19:42:46', NULL, 6, '2019-01-01 19:42:09', '2019-01-01 19:42:46'),
(166, 11, '1100166', '13.7278023', '100.5955741', 'ซอย สุขุมวิท', '13.7647503', '100.6434082', 'The Mall Bangkapi', NULL, 1, '', 41, 382, 1, '2019-01-01 19:50:25', '2019-01-01 19:51:31', NULL, 6, '2019-01-01 19:50:36', '2019-01-01 19:51:31'),
(167, 11, '1100167', '13.7245003', '100.5107446', 'THE ORIENT ซอย เจริญนคร', '13.7278023', '100.5955741', 'ซอย สุขุมวิท', NULL, 1, '', 41, 521, 1, '2019-01-01 20:00:17', '2019-01-01 20:02:53', NULL, 6, '2019-01-01 20:00:37', '2019-01-01 20:02:53'),
(168, 11, '1100168', '13.7245003', '100.5107446', 'THE ORIENT ซอย เจริญนคร', '13.7278023', '100.5955741', 'ซอย สุขุมวิท', NULL, 1, '', 41, 521, 1, '2019-01-01 20:03:08', '2019-01-01 20:06:43', NULL, 6, '2019-01-01 20:03:56', '2019-01-01 20:06:43'),
(169, 11, '1100169', '13.7245003', '100.5107446', 'THE ORIENT ซอย เจริญนคร', '13.7158096', '100.4060982', 'The Mall Bang Khae', NULL, 1, '', 41, 547, 1, '2019-01-01 20:07:01', '2019-01-01 20:08:43', NULL, 6, '2019-01-01 20:08:19', '2019-01-01 20:08:43'),
(170, 11, '1100170', '13.7245003', '100.5107446', 'THE ORIENT ซอย เจริญนคร', '13.7158096', '100.4060982', 'The Mall Bang Khae', NULL, 1, '', 41, 547, 1, '2019-01-01 20:10:37', '2019-01-01 20:11:08', NULL, 6, '2019-01-01 20:10:49', '2019-01-01 20:11:08'),
(171, 11, '1100171', '13.7245003', '100.5107446', 'THE ORIENT ซอย เจริญนคร', '13.7278023', '100.5955741', 'ซอย สุขุมวิท', NULL, 1, '', 41, 521, 0, '2019-01-01 20:15:41', '2019-01-01 20:20:01', '2019-01-01 20:20:01', 0, '0000-00-00 00:00:00', '0000-00-00 00:00:00'),
(172, 11, '1100172', '13.7245003', '100.5107446', 'THE ORIENT ซอย เจริญนคร', '13.7278023', '100.5955741', 'ซอย สุขุมวิท', NULL, 1, '', 41, 521, 0, '2019-01-01 20:28:37', '2019-01-01 20:29:07', '2019-01-01 20:29:07', 0, '0000-00-00 00:00:00', '0000-00-00 00:00:00'),
(173, 11, '1100173', '13.7245003', '100.5107446', 'THE ORIENT ซอย เจริญนคร', '13.7278023', '100.5955741', 'ซอย สุขุมวิท', NULL, 1, '', 41, 521, 0, '2019-01-01 20:36:02', '2019-01-01 20:40:01', '2019-01-01 20:40:01', 0, '0000-00-00 00:00:00', '0000-00-00 00:00:00'),
(174, 11, '1100174', '13.7158096', '100.4060982', 'The Mall Bang Khae', '13.7278023', '100.5955741', 'ซอย สุขุมวิท', NULL, 1, '', 41, 817, 0, '2019-01-01 20:42:09', '2019-01-01 20:50:01', '2019-01-01 20:50:01', 0, '0000-00-00 00:00:00', '0000-00-00 00:00:00'),
(175, 11, '1100175', '13.7245003', '100.5107446', 'THE ORIENT ซอย เจริญนคร', '13.7158096', '100.4060982', 'The Mall Bang Khae', NULL, 1, '', 41, 547, 0, '2019-01-01 20:53:15', '2019-01-01 21:00:01', '2019-01-01 21:00:01', 0, '0000-00-00 00:00:00', '0000-00-00 00:00:00'),
(176, 75, '1100176', '13.7098163', '100.3955689', '501', '13.8132428', '100.5489915', 'หมอชิต 2', NULL, 1, '', 47, 817, 0, '2019-01-03 23:02:43', '2019-01-03 23:02:44', '2019-01-03 23:02:44', 0, '0000-00-00 00:00:00', '0000-00-00 00:00:00'),
(177, 48, '1100177', '13.7098163', '100.3955689', '501', '13.8132428', '100.5489915', 'หมอชิต 2', NULL, 1, '', 47, 817, 1, '2019-01-03 23:21:03', '2019-01-03 23:23:16', NULL, 6, '2019-01-03 23:21:13', '2019-01-03 23:23:16'),
(178, 48, '1100178', '13.7060417', '100.392194', '1006', '13.8132428', '100.5489915', 'หมอชิต 2', NULL, 1, '', 47, 905, 3, '2019-01-03 23:25:32', '2019-01-03 23:28:36', NULL, 6, '2019-01-03 23:28:36', '0000-00-00 00:00:00'),
(179, 75, '1100179', '13.805185', '100.421064', 'บ้านนิค', '13.779247', '100.443328', 'สวนอาหารบ้านดาวล้อมเดือน', NULL, 1, 'test Note Postman7', 45, 2000, 0, '2019-01-03 23:27:03', '2019-01-03 23:35:01', '2019-01-03 23:35:01', 0, '0000-00-00 00:00:00', '0000-00-00 00:00:00'),
(180, 77, '1100180', '13.6994214', '100.3887313', 'ซอย บุญดำ', '13.7470951', '100.5317698', 'B2 ถนน พระรามที่ ๑', NULL, 1, '', 1, 876, 0, '2019-01-05 13:51:15', '2019-01-05 13:51:19', '2019-01-05 13:51:19', 0, '0000-00-00 00:00:00', '0000-00-00 00:00:00'),
(181, 78, '1100181', '13.6994214', '100.3887313', 'ซอย บุญดำ', '13.7827797', '100.3953923', 'B ถนน บรมราชชนนี', NULL, 1, '', 1, 458, 0, '2019-01-05 14:07:16', '2019-01-05 14:07:19', '2019-01-05 14:07:19', 0, '0000-00-00 00:00:00', '0000-00-00 00:00:00'),
(182, 11, '1100182', '13.6994214', '100.3887313', 'ซอย บุญดำ', '13.8142626', '100.6347337', 'ซอย ประดิษฐ์มนูธรรม', NULL, 1, '', 41, 1282, 0, '2019-01-05 15:14:55', '2019-01-05 15:14:56', '2019-01-05 15:14:56', 0, '0000-00-00 00:00:00', '0000-00-00 00:00:00'),
(183, 96, '1100183', '13.6994214', '100.3887313', 'ซอย บุญดำ', '13.7647503', '100.6434082', 'The Mall Bangkapi', NULL, 1, 'Test and help\nThe process ', 1, 1266, 0, '2019-01-06 00:37:22', '2019-01-06 00:37:30', '2019-01-06 00:37:30', 0, '0000-00-00 00:00:00', '0000-00-00 00:00:00'),
(184, 96, '1100184', '13.7189887', '100.5093858', '931', '13.7245003', '100.5107446', 'THE ORIENT ซอย เจริญนคร', NULL, 1, '', 1, 258, 0, '2019-01-07 14:34:32', '2019-01-07 14:34:34', '2019-01-07 14:34:34', 0, '0000-00-00 00:00:00', '0000-00-00 00:00:00'),
(185, 98, '1100185', '13.7266107', '100.5823235', '50', '13.7647503', '100.6434082', 'เดอะมอลล์บางกะปิ', NULL, 1, '', 1, 501, 0, '2019-01-07 15:29:08', '2019-01-07 15:29:11', '2019-01-07 15:29:11', 0, '0000-00-00 00:00:00', '0000-00-00 00:00:00'),
(186, 98, '1100186', '13.7266107', '100.5823235', '50', '13.7647503', '100.6434082', 'เดอะมอลล์บางกะปิ', NULL, 1, '', 1, 501, 1, '2019-01-07 15:32:19', '2019-01-07 15:33:53', NULL, 2, '2019-01-07 15:32:55', '2019-01-07 15:33:53'),
(187, 48, '1100187', '13.7266107', '100.5823235', '50', '13.8061003', '100.4183633', 'บ้านนิค', NULL, 1, '', 46, 952, 1, '2019-01-07 15:49:49', '2019-01-07 15:50:10', NULL, 2, '2019-01-07 15:50:05', '2019-01-07 15:50:10'),
(188, 11, '1100188', '13.7189887', '100.5093858', '931', '13.7278023', '100.5955741', 'ซอย สุขุมวิท', NULL, 1, '', 41, 581, 0, '2019-01-08 16:20:36', '2019-01-08 16:20:40', '2019-01-08 16:20:40', 0, '0000-00-00 00:00:00', '0000-00-00 00:00:00'),
(189, 11, '1100189', '13.7189887', '100.5093858', '931', '13.7827797', '100.3953923', 'B ถนน บรมราชชนนี', NULL, 1, '', 1, 514, 0, '2019-01-08 17:11:57', '2019-01-08 17:12:02', '2019-01-08 17:12:02', 0, '0000-00-00 00:00:00', '0000-00-00 00:00:00'),
(190, 11, '1100190', '13.7189887', '100.5093858', '931', '13.7647503', '100.6434082', 'The Mall Bangkapi', NULL, 1, '', 49, 815, 0, '2019-01-08 17:16:54', '2019-01-08 17:16:57', '2019-01-08 17:16:57', 0, '0000-00-00 00:00:00', '0000-00-00 00:00:00'),
(191, 11, '1100191', '13.7189887', '100.5093858', '931', '13.7583787', '100.539804', 'Thanon Phaya Thai, เขต ราชเทวี', NULL, 1, '', 49, 454, 0, '2019-01-08 17:17:05', '2019-01-08 17:17:06', '2019-01-08 17:17:06', 0, '0000-00-00 00:00:00', '0000-00-00 00:00:00');
INSERT INTO `order` (`id`, `user_id`, `number`, `start_location_lat`, `start_location_long`, `start_location`, `destination_lat`, `destination_long`, `destination`, `schedule_ride`, `car_type`, `note`, `id_payment`, `fare`, `status`, `create_on`, `update_status_on`, `cancel_on`, `driver_id`, `driving_on`, `success_on`) VALUES
(192, 48, '1100192', '13.7266107', '100.5823235', '50', '13.8132428', '100.5489915', 'หมอชิต 2', NULL, 1, '', 47, 656, 0, '2019-01-08 18:55:21', '2019-01-08 18:55:29', '2019-01-08 18:55:29', 0, '0000-00-00 00:00:00', '0000-00-00 00:00:00'),
(193, 11, '1100193', '13.6994214', '100.3887313', 'ซอย บุญดำ', '13.7278023', '100.5955741', 'ซอย สุขุมวิท', NULL, 1, '', 50, 963, 0, '2019-01-08 21:42:57', '2019-01-08 21:42:59', '2019-01-08 21:42:59', 0, '0000-00-00 00:00:00', '0000-00-00 00:00:00'),
(194, 11, '1100194', '13.6994214', '100.3887313', 'ซอย บุญดำ', '13.7583787', '100.539804', 'Thanon Phaya Thai, เขต ราชเทวี', NULL, 1, '', 51, 861, 0, '2019-01-08 23:14:41', '2019-01-08 23:14:43', '2019-01-08 23:14:43', 0, '0000-00-00 00:00:00', '0000-00-00 00:00:00'),
(195, 11, '1100195', '13.6994214', '100.3887313', 'ซอย บุญดำ', '13.7583787', '100.539804', 'Thanon Phaya Thai, เขต ราชเทวี', NULL, 1, '', 51, 861, 0, '2019-01-08 23:17:17', '2019-01-08 23:17:19', '2019-01-08 23:17:19', 0, '0000-00-00 00:00:00', '0000-00-00 00:00:00'),
(196, 11, '1100196', '13.6994214', '100.3887313', 'ซอย บุญดำ', '13.7583787', '100.539804', 'Thanon Phaya Thai, เขต ราชเทวี', NULL, 1, '', 51, 861, 0, '2019-01-08 23:36:33', '2019-01-08 23:36:35', '2019-01-08 23:36:35', 0, '0000-00-00 00:00:00', '0000-00-00 00:00:00'),
(197, 11, '1100197', '13.6994214', '100.3887313', 'ซอย บุญดำ', '13.7583787', '100.539804', 'Thanon Phaya Thai, เขต ราชเทวี', NULL, 1, '', 52, 861, 0, '2019-01-08 23:43:08', '2019-01-08 23:43:10', '2019-01-08 23:43:10', 0, '0000-00-00 00:00:00', '0000-00-00 00:00:00'),
(198, 11, '1100198', '13.6994214', '100.3887313', 'ซอย บุญดำ', '13.7583787', '100.539804', 'Thanon Phaya Thai, เขต ราชเทวี', NULL, 1, '', 52, 861, 0, '2019-01-08 23:55:30', '2019-01-08 23:55:36', '2019-01-08 23:55:36', 0, '0000-00-00 00:00:00', '0000-00-00 00:00:00'),
(199, 11, '1100199', '13.6994214', '100.3887313', 'ซอย บุญดำ', '13.7583787', '100.539804', 'Thanon Phaya Thai, เขต ราชเทวี', NULL, 1, '', 52, 861, 0, '2019-01-08 23:59:18', '2019-01-08 23:59:19', '2019-01-08 23:59:19', 0, '0000-00-00 00:00:00', '0000-00-00 00:00:00'),
(200, 11, '1100200', '13.6994214', '100.3887313', 'ซอย บุญดำ', '13.7278023', '100.5955741', 'ซอย สุขุมวิท', NULL, 1, '', 52, 963, 0, '2019-01-09 00:06:21', '2019-01-09 00:06:22', '2019-01-09 00:06:22', 0, '0000-00-00 00:00:00', '0000-00-00 00:00:00'),
(201, 11, '1100201', '13.7158096', '100.4060982', 'The Mall Bang Khae', '13.7647503', '100.6434082', 'The Mall Bangkapi', NULL, 1, '', 52, 1104, 0, '2019-01-09 00:06:36', '2019-01-09 00:06:38', '2019-01-09 00:06:38', 0, '0000-00-00 00:00:00', '0000-00-00 00:00:00'),
(202, 11, '1100202', '13.6994214', '100.3887313', 'ซอย บุญดำ', '13.7583787', '100.539804', 'Thanon Phaya Thai, เขต ราชเทวี', NULL, 1, '', 52, 861, 0, '2019-01-09 00:07:28', '2019-01-09 00:15:01', '2019-01-09 00:15:01', 0, '0000-00-00 00:00:00', '0000-00-00 00:00:00'),
(203, 11, '1100203', '13.7583787', '100.539804', 'Thanon Phaya Thai, เขต ราชเทวี', '13.7278023', '100.5955741', 'ซอย สุขุมวิท', NULL, 1, '', 52, 381, 0, '2019-01-09 00:16:29', '2019-01-09 00:16:40', '2019-01-09 00:16:40', 0, '0000-00-00 00:00:00', '0000-00-00 00:00:00'),
(204, 11, '1100204', '13.6994214', '100.3887313', 'ซอย บุญดำ', '13.7583787', '100.539804', 'Thanon Phaya Thai, เขต ราชเทวี', NULL, 1, '', 52, 861, 0, '2019-01-09 00:32:21', '2019-01-09 00:32:23', '2019-01-09 00:32:23', 0, '0000-00-00 00:00:00', '0000-00-00 00:00:00'),
(205, 11, '1100205', '13.7245003', '100.5107446', 'THE ORIENT ซอย เจริญนคร', '13.785724', '100.5137723', 'Thanon Nakhon Chai Si', NULL, 1, '', 52, 459, 0, '2019-01-09 00:32:43', '2019-01-09 00:32:48', '2019-01-09 00:32:48', 0, '0000-00-00 00:00:00', '0000-00-00 00:00:00'),
(206, 11, '1100206', '13.6994214', '100.3887313', 'ซอย บุญดำ', '13.7583787', '100.539804', 'Thanon Phaya Thai, เขต ราชเทวี', NULL, 1, '', 52, 861, 0, '2019-01-09 00:32:53', '2019-01-09 00:32:54', '2019-01-09 00:32:54', 0, '0000-00-00 00:00:00', '0000-00-00 00:00:00'),
(207, 11, '1100207', '13.6994214', '100.3887313', 'ซอย บุญดำ', '7.8213031', '98.3007779', 'สวัสดีวิลเลจ', NULL, 1, '', 52, 18693, 0, '2019-01-09 00:34:38', '2019-01-09 00:34:43', '2019-01-09 00:34:43', 0, '0000-00-00 00:00:00', '0000-00-00 00:00:00'),
(208, 11, '1100208', '13.7158096', '100.4060982', 'The Mall Bang Khae', '13.7245003', '100.5107446', 'THE ORIENT ซอย เจริญนคร', NULL, 1, '', 52, 474, 0, '2019-01-09 10:17:03', '2019-01-09 10:17:05', '2019-01-09 10:17:05', 0, '0000-00-00 00:00:00', '0000-00-00 00:00:00'),
(209, 11, '1100209', '13.7451318', '100.5328671', 'L6 Rama I Road', '13.7647503', '100.6434082', 'The Mall Bangkapi', NULL, 1, 'รอนะจ้ะ', 52, 598, 0, '2019-01-09 21:10:45', '2019-01-09 21:10:57', '2019-01-09 21:10:57', 0, '0000-00-00 00:00:00', '0000-00-00 00:00:00'),
(210, 11, '1100210', '13.7451318', '100.5328671', 'L6 Rama I Road', '13.7082502', '100.5200973', 'เขต สาทร3', NULL, 1, 'รอนะจ้ะ', 52, 302, 0, '2019-01-09 21:12:06', '2019-01-09 21:20:02', '2019-01-09 21:20:02', 0, '0000-00-00 00:00:00', '0000-00-00 00:00:00'),
(211, 48, '1100211', '13.8132428', '100.5489915', 'หมอชิต 2', '13.7121938', '100.3515117', 'หมู่บ้านชมเดือน 2', NULL, 1, '', 47, 1026, 0, '2019-01-09 21:32:14', '2019-01-09 21:32:16', '2019-01-09 21:32:16', 0, '0000-00-00 00:00:00', '0000-00-00 00:00:00'),
(212, 11, '1100212', '13.6994214', '100.3887313', 'ซอย บุญดำ', '13.7278023', '100.5955741', 'ซอย สุขุมวิท', NULL, 1, '', 52, 1070, 0, '2019-01-09 21:45:51', '2019-01-09 21:45:52', '2019-01-09 21:45:52', 0, '0000-00-00 00:00:00', '0000-00-00 00:00:00'),
(213, 11, '1100213', '13.6994214', '100.3887313', 'ซอย บุญดำ', '13.7278023', '100.5955741', 'ซอย สุขุมวิท', NULL, 1, '', 52, 1070, 0, '2019-01-09 22:01:42', '2019-01-09 22:01:44', '2019-01-09 22:01:44', 0, '0000-00-00 00:00:00', '0000-00-00 00:00:00'),
(214, 11, '1100214', '13.6994214', '100.3887313', 'ซอย บุญดำ', '13.7158096', '100.4060982', 'The Mall Bang Khae', NULL, 1, '', 52, 321, 0, '2019-01-09 22:01:50', '2019-01-09 22:01:51', '2019-01-09 22:01:51', 0, '0000-00-00 00:00:00', '0000-00-00 00:00:00'),
(215, 11, '1100215', '13.6994214', '100.3887313', 'ซอย บุญดำ', '13.7082502', '100.5200973', 'เขต สาทร3', NULL, 1, '', 52, 689, 0, '2019-01-09 22:01:58', '2019-01-09 22:01:59', '2019-01-09 22:01:59', 0, '0000-00-00 00:00:00', '0000-00-00 00:00:00'),
(216, 11, '1100216', '13.7189887', '100.5093858', '931', '13.7278023', '100.5955741', 'ซอย สุขุมวิท', NULL, 1, '', 52, 691, 0, '2019-02-04 13:19:11', '2019-02-04 13:25:01', '2019-02-04 13:25:01', 0, '0000-00-00 00:00:00', '0000-00-00 00:00:00');

-- --------------------------------------------------------

--
-- Table structure for table `page`
--

CREATE TABLE `page` (
  `id` int(11) NOT NULL,
  `slug` varchar(255) NOT NULL,
  `content` longtext NOT NULL
) ENGINE=InnoDB DEFAULT CHARSET=utf8;

--
-- Dumping data for table `page`
--

INSERT INTO `page` (`id`, `slug`, `content`) VALUES
(1, 'legal', '<h2>Legal&nbsp;<img src=\"https://limoapp.me/uploaded/images/frontal-taxi-cab.png\" width=\"20\" height=\"20\" alt=\"\" /></h2>\r\n<p>You&rsquo;ve probably heard of <a href=\"/tools/lorem-ipsum-generator/\">Lorem Ipsum</a> before &ndash; it&rsquo;s the most-used dummy text excerpt out there. People use it because it has a fairly normal distribution of letters and words (making it look like normal English), but it&rsquo;s also Latin, which means your average reader won&rsquo;t get distracted by trying to read it. It&rsquo;s perfect for showcasing design work as it should look when fleshed out with text, because it allows viewers to focus on the design work itself, instead of the text. It&rsquo;s also a great way to showcase the functionality of programs like word processors, font types, and more.</p>\r\n<p>We&rsquo;ve taken Lorem Ipsum to the next level with our HTML-Ipsum tool. As you can see, this Lorem Ipsum is tailor-made for websites and other online projects that are based in HTML. Most <a href=\"/How-much-should-web-site-cost.html\">web design projects</a> use Lorem Ipsum excerpts to begin with, but you always have to spend an annoying extra minute or two formatting it properly for the web.</p>\r\n<p>Maybe you have a custom-styled ordered list you want to show off, or maybe you just want a long chunk of Lorem Ipsum that&rsquo;s already wrapped in paragraph tags. No matter the need, we&rsquo;ve put together a number of Lorem Ipsum samples ready to go with HTML tags and formatting in place. All you have to do is click the heading of any section on this page, and that HTML-Ipsum block is copied to your clipboard and ready to be loaded into a website redesign template, brand new design mockup, or any other digital project you might need dummy text for.</p>\r\n<p>No matter the project, please remember to replace your fancy HTML-Ipsum with real content before you go live - this is especially important if you\'re planning to implement a <a href=\"/content-marketing-strategy.html\">content-based marketing strategy</a> for your new creation! Lorem Ipsum text is all well and good to demonstrate a design or project, but if you set a website loose on the Internet without replacing dummy text with relevant, <a href=\"/content-marketing/elements-of-high-quality-content.html\">high quality content</a>, you&rsquo;ll run into all sorts of potential <a href=\"/SEO-Pricing.html\">Search Engine Optimization</a> issues like thin content, duplicate content, and more.</p>\r\n<p>HTML-Ipsum is maintained by <a href=\"https://www.governor.pa.gov/governor-wolf-announces-webfx-expansion-of-national-headquarters-in-dauphin-county-creation-of-80-jobs/\">WebFX</a>.  For more information about us, please visit <a href=\"https://clutch.co/profile/webfx\">WebFX Reviews</a>. To learn more about the <a href=\"/industries/\">industries</a> we drive <a href=\"/\">Internet marketing</a> performormance for and our revenue driving services: <a href=\"/seo-checker/\">SEO</a>, <a href=\"/PPC-Campaign-Management.html\">PPC</a>, <a href=\"/Social-Media-Pricing.html\">social media</a>, <a href=\"/best-web-design-company.html\">web design</a>, <a href=\"/local-seo-pricing.html\">local SEO</a> and online <a href=\"/blog/business-advice/the-cost-of-advertising-nationally-broken-down-by-medium/\">advertising services</a>.</p>'),
(2, 'term', '<h2>TERM&nbsp;<img src=\"https://limoapp.me/uploaded/images/frontal-taxi-cab.png\" width=\"20\" height=\"20\" alt=\"\" /></h2>\r\n<p>You&rsquo;ve probably heard of <a href=\"/tools/lorem-ipsum-generator/\">Lorem Ipsum</a> before &ndash; it&rsquo;s the most-used dummy text excerpt out there. People use it because it has a fairly normal distribution of letters and words (making it look like normal English), but it&rsquo;s also Latin, which means your average reader won&rsquo;t get distracted by trying to read it. It&rsquo;s perfect for showcasing design work as it should look when fleshed out with text, because it allows viewers to focus on the design work itself, instead of the text. It&rsquo;s also a great way to showcase the functionality of programs like word processors, font types, and more.</p>\r\n<p>We&rsquo;ve taken Lorem Ipsum to the next level with our HTML-Ipsum tool. As you can see, this Lorem Ipsum is tailor-made for websites and other online projects that are based in HTML. Most <a href=\"/How-much-should-web-site-cost.html\">web design projects</a> use Lorem Ipsum excerpts to begin with, but you always have to spend an annoying extra minute or two formatting it properly for the web.</p>\r\n<p>Maybe you have a custom-styled ordered list you want to show off, or maybe you just want a long chunk of Lorem Ipsum that&rsquo;s already wrapped in paragraph tags. No matter the need, we&rsquo;ve put together a number of Lorem Ipsum samples ready to go with HTML tags and formatting in place. All you have to do is click the heading of any section on this page, and that HTML-Ipsum block is copied to your clipboard and ready to be loaded into a website redesign template, brand new design mockup, or any other digital project you might need dummy text for.</p>\r\n<p>No matter the project, please remember to replace your fancy HTML-Ipsum with real content before you go live - this is especially important if you\'re planning to implement a <a href=\"/content-marketing-strategy.html\">content-based marketing strategy</a> for your new creation! Lorem Ipsum text is all well and good to demonstrate a design or project, but if you set a website loose on the Internet without replacing dummy text with relevant, <a href=\"/content-marketing/elements-of-high-quality-content.html\">high quality content</a>, you&rsquo;ll run into all sorts of potential <a href=\"/SEO-Pricing.html\">Search Engine Optimization</a> issues like thin content, duplicate content, and more.</p>\r\n<p>HTML-Ipsum is maintained by <a href=\"https://www.governor.pa.gov/governor-wolf-announces-webfx-expansion-of-national-headquarters-in-dauphin-county-creation-of-80-jobs/\">WebFX</a>.  For more information about us, please visit <a href=\"https://clutch.co/profile/webfx\">WebFX Reviews</a>. To learn more about the <a href=\"/industries/\">industries</a> we drive <a href=\"/\">Internet marketing</a> performormance for and our revenue driving services: <a href=\"/seo-checker/\">SEO</a>, <a href=\"/PPC-Campaign-Management.html\">PPC</a>, <a href=\"/Social-Media-Pricing.html\">social media</a>, <a href=\"/best-web-design-company.html\">web design</a>, <a href=\"/local-seo-pricing.html\">local SEO</a> and online <a href=\"/blog/business-advice/the-cost-of-advertising-nationally-broken-down-by-medium/\">advertising services</a>.</p>'),
(3, 'refund', '<h2>REFUND&nbsp;<img src=\"https://limoapp.me/uploaded/images/frontal-taxi-cab.png\" width=\"20\" height=\"20\" alt=\"\" /></h2>\r\n<p>You&rsquo;ve probably heard of <a href=\"/tools/lorem-ipsum-generator/\">Lorem Ipsum</a> before &ndash; it&rsquo;s the most-used dummy text excerpt out there. People use it because it has a fairly normal distribution of letters and words (making it look like normal English), but it&rsquo;s also Latin, which means your average reader won&rsquo;t get distracted by trying to read it. It&rsquo;s perfect for showcasing design work as it should look when fleshed out with text, because it allows viewers to focus on the design work itself, instead of the text. It&rsquo;s also a great way to showcase the functionality of programs like word processors, font types, and more.</p>\r\n<p>We&rsquo;ve taken Lorem Ipsum to the next level with our HTML-Ipsum tool. As you can see, this Lorem Ipsum is tailor-made for websites and other online projects that are based in HTML. Most <a href=\"/How-much-should-web-site-cost.html\">web design projects</a> use Lorem Ipsum excerpts to begin with, but you always have to spend an annoying extra minute or two formatting it properly for the web.</p>\r\n<p>Maybe you have a custom-styled ordered list you want to show off, or maybe you just want a long chunk of Lorem Ipsum that&rsquo;s already wrapped in paragraph tags. No matter the need, we&rsquo;ve put together a number of Lorem Ipsum samples ready to go with HTML tags and formatting in place. All you have to do is click the heading of any section on this page, and that HTML-Ipsum block is copied to your clipboard and ready to be loaded into a website redesign template, brand new design mockup, or any other digital project you might need dummy text for.</p>\r\n<p>No matter the project, please remember to replace your fancy HTML-Ipsum with real content before you go live - this is especially important if you\'re planning to implement a <a href=\"/content-marketing-strategy.html\">content-based marketing strategy</a> for your new creation! Lorem Ipsum text is all well and good to demonstrate a design or project, but if you set a website loose on the Internet without replacing dummy text with relevant, <a href=\"/content-marketing/elements-of-high-quality-content.html\">high quality content</a>, you&rsquo;ll run into all sorts of potential <a href=\"/SEO-Pricing.html\">Search Engine Optimization</a> issues like thin content, duplicate content, and more.</p>\r\n<p>HTML-Ipsum is maintained by <a href=\"https://www.governor.pa.gov/governor-wolf-announces-webfx-expansion-of-national-headquarters-in-dauphin-county-creation-of-80-jobs/\">WebFX</a>.  For more information about us, please visit <a href=\"https://clutch.co/profile/webfx\">WebFX Reviews</a>. To learn more about the <a href=\"/industries/\">industries</a> we drive <a href=\"/\">Internet marketing</a> performormance for and our revenue driving services: <a href=\"/seo-checker/\">SEO</a>, <a href=\"/PPC-Campaign-Management.html\">PPC</a>, <a href=\"/Social-Media-Pricing.html\">social media</a>, <a href=\"/best-web-design-company.html\">web design</a>, <a href=\"/local-seo-pricing.html\">local SEO</a> and online <a href=\"/blog/business-advice/the-cost-of-advertising-nationally-broken-down-by-medium/\">advertising services</a>.</p>'),
(4, 'privacy', '<h2>PRIVACY&nbsp;<img src=\"https://limoapp.me/uploaded/images/frontal-taxi-cab.png\" width=\"20\" height=\"20\" alt=\"\" /></h2>\r\n<p>You&rsquo;ve probably heard of <a href=\"/tools/lorem-ipsum-generator/\">Lorem Ipsum</a> before &ndash; it&rsquo;s the most-used dummy text excerpt out there. People use it because it has a fairly normal distribution of letters and words (making it look like normal English), but it&rsquo;s also Latin, which means your average reader won&rsquo;t get distracted by trying to read it. It&rsquo;s perfect for showcasing design work as it should look when fleshed out with text, because it allows viewers to focus on the design work itself, instead of the text. It&rsquo;s also a great way to showcase the functionality of programs like word processors, font types, and more.</p>\r\n<p>We&rsquo;ve taken Lorem Ipsum to the next level with our HTML-Ipsum tool. As you can see, this Lorem Ipsum is tailor-made for websites and other online projects that are based in HTML. Most <a href=\"/How-much-should-web-site-cost.html\">web design projects</a> use Lorem Ipsum excerpts to begin with, but you always have to spend an annoying extra minute or two formatting it properly for the web.</p>\r\n<p>Maybe you have a custom-styled ordered list you want to show off, or maybe you just want a long chunk of Lorem Ipsum that&rsquo;s already wrapped in paragraph tags. No matter the need, we&rsquo;ve put together a number of Lorem Ipsum samples ready to go with HTML tags and formatting in place. All you have to do is click the heading of any section on this page, and that HTML-Ipsum block is copied to your clipboard and ready to be loaded into a website redesign template, brand new design mockup, or any other digital project you might need dummy text for.</p>\r\n<p>No matter the project, please remember to replace your fancy HTML-Ipsum with real content before you go live - this is especially important if you\'re planning to implement a <a href=\"/content-marketing-strategy.html\">content-based marketing strategy</a> for your new creation! Lorem Ipsum text is all well and good to demonstrate a design or project, but if you set a website loose on the Internet without replacing dummy text with relevant, <a href=\"/content-marketing/elements-of-high-quality-content.html\">high quality content</a>, you&rsquo;ll run into all sorts of potential <a href=\"/SEO-Pricing.html\">Search Engine Optimization</a> issues like thin content, duplicate content, and more.</p>\r\n<p>HTML-Ipsum is maintained by <a href=\"https://www.governor.pa.gov/governor-wolf-announces-webfx-expansion-of-national-headquarters-in-dauphin-county-creation-of-80-jobs/\">WebFX</a>.  For more information about us, please visit <a href=\"https://clutch.co/profile/webfx\">WebFX Reviews</a>. To learn more about the <a href=\"/industries/\">industries</a> we drive <a href=\"/\">Internet marketing</a> performormance for and our revenue driving services: <a href=\"/seo-checker/\">SEO</a>, <a href=\"/PPC-Campaign-Management.html\">PPC</a>, <a href=\"/Social-Media-Pricing.html\">social media</a>, <a href=\"/best-web-design-company.html\">web design</a>, <a href=\"/local-seo-pricing.html\">local SEO</a> and online <a href=\"/blog/business-advice/the-cost-of-advertising-nationally-broken-down-by-medium/\">advertising services</a>.</p>');

-- --------------------------------------------------------

--
-- Table structure for table `payment`
--

CREATE TABLE `payment` (
  `id` bigint(20) NOT NULL,
  `order_id` int(11) NOT NULL,
  `create_on` datetime NOT NULL,
  `success_on` datetime NOT NULL,
  `update_status_on` datetime NOT NULL,
  `status` tinyint(1) NOT NULL COMMENT '0=waiting,1=success',
  `user` varchar(255) DEFAULT NULL,
  `charge_token` varchar(255) DEFAULT NULL
) ENGINE=InnoDB DEFAULT CHARSET=utf8;

--
-- Dumping data for table `payment`
--

INSERT INTO `payment` (`id`, `order_id`, `create_on`, `success_on`, `update_status_on`, `status`, `user`, `charge_token`) VALUES
(1, 1, '2018-08-20 19:16:31', '2018-08-20 19:18:01', '2018-08-20 19:18:01', 1, 'cron', 'chrg_test_5czvp37vfmk6f9e5mpv'),
(2, 2, '2018-08-20 19:38:55', '2018-08-20 19:44:27', '2018-08-20 19:44:27', 1, 'cron', 'chrg_test_5czvye1mzpayf76i8zv'),
(3, 3, '2018-08-27 15:32:40', '2018-08-27 15:36:15', '2018-08-27 15:36:15', 1, 'cron', 'chrg_test_5d2k3dc31f2k3yq02iy'),
(4, 4, '2018-08-27 15:33:34', '2018-08-27 15:36:15', '2018-08-27 15:36:15', 1, 'cron', 'chrg_test_5d2k3df50dvvmz40ygq'),
(5, 30, '2018-09-03 11:40:30', '2018-09-03 11:50:54', '2018-09-03 11:50:54', 1, 'cron', 'chrg_test_5d58gebr2atnp7c4dm2'),
(6, 31, '2018-09-03 11:41:03', '2018-09-03 11:50:54', '2018-09-03 11:50:54', 1, 'cron', 'Cash'),
(7, 32, '2018-09-03 13:15:44', '2018-09-03 13:15:56', '2018-09-03 13:15:56', 1, 'cron', 'Cash'),
(8, 33, '2018-09-22 10:21:05', '2018-09-22 10:22:28', '2018-09-22 10:22:28', 1, 'cron', 'Cash'),
(9, 34, '2018-09-22 10:23:26', '2018-09-22 10:24:51', '2018-09-22 10:24:51', 1, 'cron', 'Cash'),
(10, 35, '2018-09-22 10:24:40', '2018-09-22 10:24:51', '2018-09-22 10:24:51', 1, 'cron', 'chrg_test_5dcn5cfq10gcopv8vyd'),
(11, 47, '2018-12-09 15:54:15', '0000-00-00 00:00:00', '2018-12-24 20:16:05', 2, NULL, 'card card_test_5czuskf8lzj6exuexxr was not found'),
(12, 28, '2018-12-09 15:56:53', '0000-00-00 00:00:00', '2018-12-24 20:16:05', 2, NULL, 'card card_test_5czuskf8lzj6exuexxr was not found'),
(13, 9, '2018-12-09 16:14:51', '2018-12-24 20:08:57', '2018-12-24 20:08:57', 1, 'cron', 'chrg_test_5ed6dby2tfl6iujm3an'),
(14, 7, '2018-12-09 16:43:25', '2018-12-24 20:08:57', '2018-12-24 20:08:57', 1, 'cron', 'chrg_test_5ed6dc6qc42miv0m5hk'),
(15, 5, '2018-12-09 17:42:08', '2018-12-24 20:08:57', '2018-12-24 20:08:57', 1, 'cron', 'chrg_test_5ed6dcbsyjonk2r6lrq'),
(16, 100, '2018-12-11 23:30:34', '2018-12-24 20:08:57', '2018-12-24 20:08:57', 1, 'cron', 'Cash'),
(17, 102, '2018-12-13 00:10:47', '2018-12-24 20:08:57', '2018-12-24 20:08:57', 1, 'cron', 'Cash'),
(18, 103, '2018-12-13 00:24:44', '2018-12-24 20:08:57', '2018-12-24 20:08:57', 1, 'cron', 'chrg_test_5ed6dcipqpb2defs3fm'),
(19, 104, '2018-12-13 00:27:06', '2018-12-24 20:08:57', '2018-12-24 20:08:57', 1, 'cron', 'Cash'),
(20, 105, '2018-12-13 00:32:26', '2018-12-24 20:08:57', '2018-12-24 20:08:57', 1, 'cron', 'Cash'),
(21, 106, '2018-12-13 00:34:32', '2018-12-24 20:10:01', '2018-12-24 20:10:01', 1, 'cron', 'Cash'),
(22, 108, '2018-12-13 00:49:50', '2018-12-24 20:10:01', '2018-12-24 20:10:01', 1, 'cron', 'Cash'),
(23, 109, '2018-12-13 00:54:04', '2018-12-24 20:10:01', '2018-12-24 20:10:01', 1, 'cron', 'Cash'),
(24, 110, '2018-12-13 00:55:15', '2018-12-24 20:10:01', '2018-12-24 20:10:01', 1, 'cron', 'Cash'),
(25, 111, '2018-12-13 01:11:53', '2018-12-24 20:10:01', '2018-12-24 20:10:01', 1, 'cron', 'Cash'),
(26, 113, '2018-12-13 01:14:44', '2018-12-24 20:10:01', '2018-12-24 20:10:01', 1, 'cron', 'Cash'),
(27, 114, '2018-12-13 01:16:29', '2018-12-24 20:10:01', '2018-12-24 20:10:01', 1, 'cron', 'Cash'),
(28, 115, '2018-12-13 01:18:03', '2018-12-24 20:10:01', '2018-12-24 20:10:01', 1, 'cron', 'Cash'),
(29, 116, '2018-12-13 01:21:18', '2018-12-24 20:10:08', '2018-12-24 20:10:08', 1, 'cron', 'Cash'),
(30, 117, '2018-12-13 01:23:29', '2018-12-24 20:10:08', '2018-12-24 20:10:08', 1, 'cron', 'Cash'),
(31, 118, '2018-12-13 01:30:27', '2018-12-24 20:10:08', '2018-12-24 20:10:08', 1, 'cron', 'Cash'),
(32, 119, '2018-12-13 01:31:55', '2018-12-24 20:10:08', '2018-12-24 20:10:08', 1, 'cron', 'Cash'),
(33, 120, '2018-12-13 01:35:01', '2018-12-24 20:10:08', '2018-12-24 20:10:08', 1, 'cron', 'Cash'),
(34, 121, '2018-12-13 01:36:41', '2018-12-24 20:10:08', '2018-12-24 20:10:08', 1, 'cron', 'Cash'),
(35, 151, '2018-12-24 19:37:10', '2018-12-24 20:10:08', '2018-12-24 20:10:08', 1, 'cron', 'chrg_test_5ed6dqwrs1vwbumfeju'),
(36, 153, '2018-12-24 20:01:42', '2018-12-24 20:10:08', '2018-12-24 20:10:08', 1, 'cron', 'chrg_test_5ed6dr0da8qylwb4if0'),
(37, 155, '2018-12-24 20:17:49', '2018-12-24 20:20:01', '2018-12-24 20:20:01', 1, 'cron', 'chrg_test_5ed6h7z0hp17nifn0po'),
(38, 156, '2018-12-24 20:21:39', '2018-12-24 20:25:02', '2018-12-24 20:25:02', 1, 'cron', 'chrg_test_5ed6izix7tnnrjf118i'),
(39, 157, '2018-12-28 17:02:03', '2018-12-28 17:05:01', '2018-12-28 17:05:01', 1, 'cron', 'chrg_test_5eeow7ji0oiznusclkh'),
(40, 163, '2019-01-01 19:23:50', '2019-01-01 19:25:01', '2019-01-01 19:25:01', 1, 'cron', 'Cash'),
(41, 165, '2019-01-01 19:42:46', '2019-01-01 19:45:01', '2019-01-01 19:45:01', 1, 'cron', 'Cash'),
(42, 166, '2019-01-01 19:51:31', '2019-01-01 19:55:01', '2019-01-01 19:55:01', 1, 'cron', 'Cash'),
(43, 167, '2019-01-01 20:02:53', '2019-01-01 20:05:01', '2019-01-01 20:05:01', 1, 'cron', 'Cash'),
(44, 168, '2019-01-01 20:06:43', '2019-01-01 20:10:01', '2019-01-01 20:10:01', 1, 'cron', 'Cash'),
(45, 169, '2019-01-01 20:08:43', '2019-01-01 20:10:01', '2019-01-01 20:10:01', 1, 'cron', 'Cash'),
(46, 170, '2019-01-01 20:11:08', '2019-01-01 20:15:02', '2019-01-01 20:15:02', 1, 'cron', 'Cash'),
(47, 177, '2019-01-03 23:23:16', '2019-01-03 23:25:01', '2019-01-03 23:25:01', 1, 'cron', 'chrg_test_5eh53f70glboaxxl778'),
(48, 186, '2019-01-07 15:33:53', '0000-00-00 00:00:00', '2019-01-07 15:35:01', 2, NULL, 'card card_test_5czuskf8lzj6exuexxr was not found'),
(49, 187, '2019-01-07 15:50:10', '2019-01-07 15:55:01', '2019-01-07 15:55:01', 1, 'cron', 'Cash');

-- --------------------------------------------------------

--
-- Table structure for table `payment_method`
--

CREATE TABLE `payment_method` (
  `id` int(11) NOT NULL,
  `user_id` int(11) NOT NULL,
  `card_number` varchar(16) NOT NULL,
  `expire` varchar(10) DEFAULT NULL,
  `cvv` char(3) DEFAULT NULL,
  `country` varchar(255) DEFAULT NULL,
  `create_on` datetime NOT NULL,
  `update_on` datetime NOT NULL,
  `token` varchar(255) NOT NULL
) ENGINE=InnoDB DEFAULT CHARSET=utf8;

--
-- Dumping data for table `payment_method`
--

INSERT INTO `payment_method` (`id`, `user_id`, `card_number`, `expire`, `cvv`, `country`, `create_on`, `update_on`, `token`) VALUES
(1, 1, '7603', '7/2023', NULL, 'th', '2018-08-20 17:45:49', '2018-08-20 17:45:49', 'card_test_5czuskf8lzj6exuexxr'),
(4, 6, '4242', '7/2023', NULL, 'us', '2018-09-22 10:09:20', '2018-09-22 10:09:20', 'card_test_5dcmxnqyrh1oyqycla7'),
(8, 1, '4242', '7/2023', NULL, 'us', '2018-11-14 18:39:19', '2018-11-14 18:39:19', 'card_test_5dxi9h73330t1msrryv'),
(14, 1, '4242', '7/2023', NULL, 'us', '2018-12-02 17:46:56', '2018-12-02 17:46:56', 'card_test_5e4j7dafg2e5ja3yild'),
(24, 35, '4242', '7/2023', NULL, 'us', '2018-12-06 01:17:14', '2018-12-06 01:17:14', 'card_test_5e5tuloy20r6bsk0f1y'),
(42, 28, 'Cash', NULL, NULL, NULL, '2018-12-08 09:07:09', '2018-12-08 09:07:09', ''),
(43, 28, '4242', '7/2023', NULL, 'us', '2018-12-08 09:07:18', '2018-12-08 09:07:18', 'card_test_5e6qlw2rmz7t4cnwlrz'),
(45, 48, '4242', '7/2023', NULL, 'us', '2018-12-17 19:30:52', '2018-12-17 19:30:52', 'card_test_5eaffkee1jg64nmx87v'),
(46, 48, 'Cash', NULL, NULL, NULL, '2018-12-17 19:31:18', '2018-12-17 19:31:18', ''),
(47, 48, '4242', '7/2023', NULL, 'us', '2018-12-17 19:31:27', '2018-12-17 19:31:27', 'card_test_5eaffrrhx8fc97xuoxo'),
(52, 11, 'Cash', NULL, NULL, NULL, '2019-01-08 23:42:50', '2019-01-08 23:42:50', '');

-- --------------------------------------------------------

--
-- Table structure for table `place`
--

CREATE TABLE `place` (
  `id` bigint(20) NOT NULL,
  `user_id` int(11) NOT NULL,
  `lat` varchar(255) NOT NULL,
  `long` varchar(255) NOT NULL,
  `type` tinyint(3) NOT NULL DEFAULT 3 COMMENT '1=home,2=work,3=other',
  `create_on` datetime NOT NULL,
  `name` varchar(255) DEFAULT NULL
) ENGINE=InnoDB DEFAULT CHARSET=utf8;

--
-- Dumping data for table `place`
--

INSERT INTO `place` (`id`, `user_id`, `lat`, `long`, `type`, `create_on`, `name`) VALUES
(2, 1, '20.779003', '21.779004', 2, '0000-00-00 00:00:00', 'บ้านแม่'),
(9, 11, '13.7158092', '100.4061879', 3, '0000-00-00 00:00:00', 'The Mall Bang Khae'),
(10, 11, '13.7278023', '100.5955741', 2, '0000-00-00 00:00:00', 'ซอย สุขุมวิท'),
(12, 28, '13.8132413', '100.5487092', 2, '0000-00-00 00:00:00', 'ทำงาน หมอชิต'),
(13, 28, '13.7158092', '100.4061879', 3, '0000-00-00 00:00:00', 'The Mall Bang Khae บางแค'),
(17, 28, '13.8061003', '100.4183633', 1, '0000-00-00 00:00:00', 'บ้านนิค'),
(18, 28, '13.712037', '100.351527', 3, '0000-00-00 00:00:00', 'ชมเดือน'),
(19, 48, '13.8132413', '100.5487092', 1, '0000-00-00 00:00:00', 'หมอชิต 2'),
(21, 48, '13.8061003', '100.4183633', 1, '0000-00-00 00:00:00', 'บ้านนิค'),
(22, 48, '13.712037', '100.351527', 1, '0000-00-00 00:00:00', 'หมู่บ้านชมเดือน 2'),
(27, 11, '13.782873', '100.395408', 3, '0000-00-00 00:00:00', 'B ถนน บรมราชชนนี'),
(32, 98, '13.7646326', '100.643425', 2, '0000-00-00 00:00:00', 'เดอะมอลล์บางกะปิ'),
(33, 98, '13.7133507', '100.4785168', 3, '0000-00-00 00:00:00', 'ท่าพระ'),
(34, 98, '13.8061003', '100.4183633', 1, '0000-00-00 00:00:00', 'บ้านธารา'),
(38, 102, '13.7279832', '100.4502852', 3, '0000-00-00 00:00:00', 'เย็บผ้า Phetkasem Sai Kao Road'),
(40, 11, '13.745187', '100.5325744', 1, '0000-00-00 00:00:00', 'L6 Rama I Road'),
(41, 11, '13.70832', '100.5201019', 3, '0000-00-00 00:00:00', 'เขต สาทร3');

-- --------------------------------------------------------

--
-- Table structure for table `tc_admins`
--

CREATE TABLE `tc_admins` (
  `adm_id` int(11) NOT NULL,
  `adm_username` varchar(100) COLLATE utf8_unicode_ci DEFAULT NULL,
  `adm_password` varchar(100) COLLATE utf8_unicode_ci DEFAULT NULL,
  `adm_title` varchar(100) COLLATE utf8_unicode_ci DEFAULT NULL,
  `adm_login` datetime DEFAULT NULL,
  `adm_level` char(1) COLLATE utf8_unicode_ci DEFAULT NULL,
  `adm_status` char(1) COLLATE utf8_unicode_ci DEFAULT NULL,
  `adm_createdon` datetime DEFAULT NULL,
  `adm_modifiedon` datetime DEFAULT NULL
) ENGINE=MyISAM DEFAULT CHARSET=utf8 COLLATE=utf8_unicode_ci ROW_FORMAT=DYNAMIC;

--
-- Dumping data for table `tc_admins`
--

INSERT INTO `tc_admins` (`adm_id`, `adm_username`, `adm_password`, `adm_title`, `adm_login`, `adm_level`, `adm_status`, `adm_createdon`, `adm_modifiedon`) VALUES
(1, 'admin', 'f79b243766171f9417c50dd20e2f1b0d', NULL, NULL, '0', '0', NULL, NULL),
(2, 'topperAdmin', 'f79b243766171f9417c50dd20e2f1b0d', NULL, NULL, '0', '0', NULL, NULL),
(3, 'support', 'e10adc3949ba59abbe56e057f20f883e', NULL, NULL, '0', '0', NULL, NULL);

-- --------------------------------------------------------

--
-- Table structure for table `user`
--

CREATE TABLE `user` (
  `id` int(11) NOT NULL,
  `name` varchar(255) NOT NULL,
  `email` varchar(255) DEFAULT NULL,
  `facebook_id` varchar(255) NOT NULL,
  `image` varchar(255) NOT NULL,
  `phone` varchar(255) NOT NULL,
  `password` varchar(32) NOT NULL,
  `uuid` varchar(255) NOT NULL,
  `udid` varchar(255) NOT NULL,
  `pushbadge` varchar(255) NOT NULL,
  `pushsound` varchar(255) NOT NULL,
  `pushalert` varchar(255) NOT NULL,
  `device` tinyint(1) NOT NULL,
  `create_on` datetime DEFAULT NULL,
  `last_login` datetime DEFAULT NULL,
  `verify` tinyint(1) NOT NULL COMMENT '0=N,1=Y',
  `code` char(4) NOT NULL,
  `type` tinyint(1) NOT NULL COMMENT '0=User,1=Banned.2=Driver',
  `active` tinyint(1) NOT NULL,
  `token` varchar(255) DEFAULT NULL,
  `income` int(11) NOT NULL,
  `pay_income_on` datetime NOT NULL,
  `rate` tinyint(1) NOT NULL,
  `car` varchar(255) NOT NULL
) ENGINE=InnoDB DEFAULT CHARSET=utf8;

--
-- Dumping data for table `user`
--

INSERT INTO `user` (`id`, `name`, `email`, `facebook_id`, `image`, `phone`, `password`, `uuid`, `udid`, `pushbadge`, `pushsound`, `pushalert`, `device`, `create_on`, `last_login`, `verify`, `code`, `type`, `active`, `token`, `income`, `pay_income_on`, `rate`, `car`) VALUES
(1, 'Meaw 191', 'meaw@mail.me', '', '', '0851683594', '77cc6dcf6743eb65f37ee37f5687a9a0', '', '', '', '', '', 0, '2018-08-20 17:43:28', '2019-01-01 17:19:19', 1, '6562', 0, 0, 'cust_test_5czurufadziu0zsbdu0', 0, '0000-00-00 00:00:00', 0, ''),
(2, 'Driver 01', 'driver01@limo.me', '', '20181224071351511.jpeg', '0909861355', '0ee86332d54e0aa29cde3a5dfa235c25', '', '', '', '', '', 0, '2018-08-20 18:15:31', '2019-01-09 21:30:17', 1, '1336', 2, 0, NULL, 5709, '2018-12-24 18:57:01', 0, ''),
(3, 'Taxi 01', 'Taxi01@limo.me', '', '', '0909861377', '77cc6dcf6743eb65f37ee37f5687a9a0', '', '', '', '', '', 0, '2018-08-21 15:27:30', '2018-08-21 15:27:52', 1, '5666', 2, 1, NULL, 0, '0000-00-00 00:00:00', 0, ''),
(4, 'TestM', 'TestM@mail.me', '', '', '0909861374', '77cc6dcf6743eb65f37ee37f5687a9a0', '', '', '', '', '', 0, '2018-09-01 19:22:06', '2018-09-01 19:22:14', 1, '7441', 0, 0, 'cust_test_5d4kpgj70g7ybi9845c', 0, '0000-00-00 00:00:00', 0, ''),
(6, 'Driver 02', 'driver02@limo.me', '', '20181208075049451.jpeg', '0917519364', 'db2bce0cdc600443029fef63ac713747', '', '', '', '', '', 0, '2018-09-15 14:05:07', '2019-01-06 00:44:21', 1, '0765', 2, 0, NULL, 16196, '0000-00-00 00:00:00', 4, 'กท 9999'),
(8, 'Taxi 03', 'Taxi03@limo.me', '', '', '0844389004', '77cc6dcf6743eb65f37ee37f5687a9a0', '', '', '', '', '', 0, '2018-10-08 17:07:21', '2018-10-08 17:20:59', 1, '8539', 2, 1, NULL, 0, '0000-00-00 00:00:00', 0, ''),
(9, 'Taxi 04', 'Taxi04@limo.me', '', '', '0909861375', '77cc6dcf6743eb65f37ee37f5687a9a0', '', '', '', '', '', 0, '2018-10-16 22:20:43', '2018-10-16 22:34:04', 1, '6396', 2, 1, NULL, 0, '0000-00-00 00:00:00', 0, ''),
(10, 'Taxi 06', 'Taxi06@limo.me', '', '', '0909861376', '77cc6dcf6743eb65f37ee37f5687a9a0', '', '', '', '', '', 0, '2018-10-16 22:33:27', NULL, 1, '2939', 2, 1, NULL, 0, '0000-00-00 00:00:00', 0, ''),
(11, 'Yv Tv', 'pYuth@mail.com', '', '20190109100305687.jpeg', '0917519365', 'db2bce0cdc600443029fef63ac713747', '', '', '', '', '', 0, '2018-10-19 22:59:55', '2019-02-04 13:47:37', 1, '2410', 0, 1, 'cust_test_5dneprocyoqohzsn4r2', 0, '0000-00-00 00:00:00', 0, ''),
(12, 'Taxi 02', 'Taxi02@limo.me', '', '', '0908613358', '77cc6dcf6743eb65f37ee37f5687a9a0', '', '', '', '', '', 0, '2018-10-20 03:33:52', NULL, 1, '5132', 2, 1, NULL, 0, '0000-00-00 00:00:00', 0, ''),
(14, 'Driver 06', 'driver06@limo.me', '', '', '0998643535', '77cc6dcf6743eb65f37ee37f5687a9a0', '', '', '', '', '', 0, '2018-10-23 15:54:17', '2018-10-23 15:57:57', 1, '1953', 2, 1, NULL, 0, '0000-00-00 00:00:00', 0, ''),
(15, 'Taxi 05', 'Taxi05@limo.me', '', '', '0909864353', '77cc6dcf6743eb65f37ee37f5687a9a0', '', '', '', '', '', 0, '2018-10-23 15:57:33', NULL, 1, '9250', 2, 1, NULL, 0, '0000-00-00 00:00:00', 0, ''),
(16, 'Driver 03', 'driver03@limo.me', '', '', '0986543532', '77cc6dcf6743eb65f37ee37f5687a9a0', '', '', '', '', '', 0, '2018-10-23 16:13:50', '2018-10-23 16:20:00', 1, '9166', 2, 1, NULL, 0, '0000-00-00 00:00:00', 0, ''),
(17, 'Driver 04', 'driver04@limo.me', '', '', '0855652352', '77cc6dcf6743eb65f37ee37f5687a9a0', '', '', '', '', '', 0, '2018-10-23 16:20:41', '2018-10-23 16:23:51', 1, '3403', 2, 1, NULL, 0, '0000-00-00 00:00:00', 0, ''),
(18, 'Sedan 01', 'sedan01@limo.me', '', '', '0855653525', '77cc6dcf6743eb65f37ee37f5687a9a0', '', '', '', '', '', 0, '2018-10-23 16:23:30', NULL, 1, '0579', 2, 1, NULL, 0, '0000-00-00 00:00:00', 0, ''),
(19, 'Driver 07', 'driver07@limo.me', '', '', '0885252852', '77cc6dcf6743eb65f37ee37f5687a9a0', '', '', '', '', '', 0, '2018-10-23 16:29:24', '2018-10-23 16:29:41', 1, '1239', 2, 1, NULL, 0, '0000-00-00 00:00:00', 0, ''),
(20, 'Sedan 02', 'sedan02@limo.me', '', '', '0851680594', '77cc6dcf6743eb65f37ee37f5687a9a0', '', '', '', '', '', 0, '2018-11-05 10:02:35', NULL, 1, '7279', 2, 1, NULL, 0, '0000-00-00 00:00:00', 0, ''),
(21, 'Sedan 03', 'sedan03@limo.me', '', '', '0889635689', '77cc6dcf6743eb65f37ee37f5687a9a0', '', '', '', '', '', 0, '2018-11-11 20:19:45', NULL, 1, '4974', 2, 1, NULL, 0, '0000-00-00 00:00:00', 0, ''),
(22, 'Driver 05', 'driver05@limo.me', '', '', '0885285425', '77cc6dcf6743eb65f37ee37f5687a9a0', '', '', '', '', '', 0, '2018-11-11 20:26:16', '2018-11-11 20:26:45', 1, '9545', 2, 1, NULL, 0, '0000-00-00 00:00:00', 0, ''),
(23, 'Van 01', 'van01@limo.me', '', '', '0885452524', '77cc6dcf6743eb65f37ee37f5687a9a0', '', '', '', '', '', 0, '2018-11-11 20:29:51', NULL, 1, '4470', 2, 1, NULL, 0, '0000-00-00 00:00:00', 0, ''),
(24, 'Van 02', 'van02@limo.me', '', '', '0891112321', '77cc6dcf6743eb65f37ee37f5687a9a0', '', '', '', '', '', 0, '2018-11-26 22:40:52', NULL, 1, '3421', 2, 1, NULL, 0, '0000-00-00 00:00:00', 0, ''),
(25, 'Van 03', 'van03@limo.me', '', '', '0989098765', '77cc6dcf6743eb65f37ee37f5687a9a0', '', '', '', '', '', 0, '2018-11-27 00:09:00', NULL, 1, '9318', 2, 1, NULL, 0, '0000-00-00 00:00:00', 0, ''),
(26, 'Van 04', 'van04@limo.me', '', '', '0891683594', '77cc6dcf6743eb65f37ee37f5687a9a0', '', '', '', '', '', 0, '2018-11-28 15:44:55', NULL, 1, '5261', 2, 1, NULL, 0, '0000-00-00 00:00:00', 0, ''),
(27, 'Van 05', 'van05@limo.me', '', '', '0909861379', '77cc6dcf6743eb65f37ee37f5687a9a0', '', '', '', '', '', 0, '2018-12-02 22:02:09', NULL, 1, '4271', 2, 1, NULL, 0, '0000-00-00 00:00:00', 0, ''),
(28, 'Suttipongg Ruanglittt', 'nick.suttipong@gmail.comm', '', '20181206112917508.jpeg', '0909861360', 'a79773723bc3897cb0fc686f6c02ebb2', '', '', '', '', '', 0, '2018-12-02 22:09:14', '2018-12-17 17:09:40', 1, '0259', 0, 0, 'cust_test_5e4ltp2kary41m8xqse', 0, '0000-00-00 00:00:00', 0, ''),
(29, '', NULL, '', '', '0895698596', '', '', '', '', '', '', 0, '2018-12-02 22:14:53', NULL, 0, '2047', 0, 0, NULL, 0, '0000-00-00 00:00:00', 0, ''),
(30, '', NULL, '', '', '0909852222', '', '', '', '', '', '', 0, '2018-12-05 09:09:08', NULL, 0, '1807', 0, 0, NULL, 0, '0000-00-00 00:00:00', 0, ''),
(31, '', NULL, '', '', '12555488', '', '', '', '', '', '', 0, '2018-12-05 09:09:42', NULL, 0, '9817', 0, 0, NULL, 0, '0000-00-00 00:00:00', 0, ''),
(32, '', NULL, '', '', '0909861399', '', '', '', '', '', '', 0, '2018-12-05 16:07:56', NULL, 0, '0234', 0, 0, NULL, 0, '0000-00-00 00:00:00', 0, ''),
(33, '', NULL, '', '', '0851683495', '', '', '', '', '', '', 0, '2018-12-05 16:16:22', NULL, 0, '4306', 0, 0, NULL, 0, '0000-00-00 00:00:00', 0, ''),
(34, '', NULL, '', '', '0581683594', '', '', '', '', '', '', 0, '2018-12-05 16:23:38', NULL, 0, '7696', 0, 0, NULL, 0, '0000-00-00 00:00:00', 0, ''),
(35, 'Yuth Yy', 'Pp@mma.com', '', '', '0917519366', 'db2bce0cdc600443029fef63ac713747', '', '', '', '', '', 0, '2018-12-06 01:12:02', '2018-12-06 01:12:13', 1, '5390', 0, 0, 'cust_test_5e5tsui8pn2xzo4amf5', 0, '0000-00-00 00:00:00', 0, ''),
(36, 'Pry Pp', 'Ppjj@mail.com', '', '20181206012523129.jpeg', '0917519367', 'fba8bd15b99ec714ea6c3e00bbce81ef', '', '', '', '', '', 0, '2018-12-06 01:24:29', '2018-12-06 01:24:41', 1, '5623', 0, 0, 'cust_test_5e5tx8fbo1e6ezcerh2', 0, '0000-00-00 00:00:00', 0, ''),
(37, '', NULL, '', '', '0851653594', '', '', '', '', '', '', 0, '2018-12-06 01:33:01', NULL, 0, '6334', 0, 0, NULL, 0, '0000-00-00 00:00:00', 0, ''),
(38, '', NULL, '', '', '0917579364', '', '', '', '', '', '', 0, '2018-12-08 19:49:47', NULL, 0, '0598', 0, 0, NULL, 0, '0000-00-00 00:00:00', 0, ''),
(39, '', NULL, '', '', '09098613622', '', '', '', '', '', '', 0, '2018-12-17 17:12:01', NULL, 0, '7336', 0, 0, NULL, 0, '0000-00-00 00:00:00', 0, ''),
(40, '', NULL, '', '', '0888852281', '', '', '', '', '', '', 0, '2018-12-17 17:13:46', '2018-12-17 17:15:23', 1, '1644', 0, 0, 'cust_test_5eae3vozw8m3l3b3iho', 0, '0000-00-00 00:00:00', 0, ''),
(41, '', NULL, '', '', '012554786', '', '', '', '', '', '', 0, '2018-12-17 17:24:09', '2018-12-17 17:26:30', 1, '0983', 0, 0, 'cust_test_5eae7sjika2w8q5x61l', 0, '0000-00-00 00:00:00', 0, ''),
(42, '', NULL, '', '', '0125547865', '', '', '', '', '', '', 0, '2018-12-17 17:27:53', '2018-12-17 17:28:05', 1, '4054', 0, 0, 'cust_test_5eae8cm9fqg45jwy12y', 0, '0000-00-00 00:00:00', 0, ''),
(43, '', NULL, '', '', '01255478656', '', '', '', '', '', '', 0, '2018-12-17 17:29:16', '2018-12-17 17:29:25', 1, '4112', 0, 0, 'cust_test_5eae8tghc8s93c2qlhv', 0, '0000-00-00 00:00:00', 0, ''),
(44, ' ', 'Gg@oou.co', '', '', '012554786565', '0ee86332d54e0aa29cde3a5dfa235c25', '', '', '', '', '', 0, '2018-12-17 17:29:55', '2018-12-17 17:30:17', 1, '2353', 0, 0, 'cust_test_5eae94dkeiuqw8ojw2f', 0, '0000-00-00 00:00:00', 0, ''),
(45, '', NULL, '', '', '0125547865653', '', '', '', '', '', '', 0, '2018-12-17 17:33:47', NULL, 0, '8876', 0, 0, NULL, 0, '0000-00-00 00:00:00', 0, ''),
(46, '', NULL, '', '', '1235', '', '', '', '', '', '', 0, '2018-12-17 19:12:12', '2018-12-17 19:12:34', 1, '7928', 0, 0, 'cust_test_5eaf94l9o3w7mpuzjx8', 0, '0000-00-00 00:00:00', 0, ''),
(47, 'H O', 'Bh@hh.co', '', '', '12355', '0ee86332d54e0aa29cde3a5dfa235c25', '', '', '', '', '', 0, '2018-12-17 19:13:28', '2018-12-17 19:13:41', 1, '8788', 0, 0, 'cust_test_5eaf9is8vsogwi6zs9n', 0, '0000-00-00 00:00:00', 0, ''),
(48, 'Suttipong Ruanglitt', 'nick.suttipong@gmail.com', '', '20190204100755616.jpeg', '0909861366', '77cc6dcf6743eb65f37ee37f5687a9a0', '', '', '', '', '', 0, '2018-12-17 19:14:47', '2019-02-04 13:45:55', 1, '3368', 0, 1, 'cust_test_5eafa0le2wib6v1wo0u', 0, '0000-00-00 00:00:00', 0, ''),
(49, ' ', '', '', '', '333', '5ec87943e17c5bf11a4168c860f4d882', '', '', '', '', '', 0, '2018-12-19 10:28:12', '2018-12-19 10:28:56', 1, '5248', 0, 0, 'cust_test_5eb2am49po20ekmdv31', 0, '0000-00-00 00:00:00', 0, ''),
(50, ' ', '', '', '', '3333', '5ec87943e17c5bf11a4168c860f4d882', '', '', '', '', '', 0, '2018-12-19 10:35:24', '2018-12-19 10:35:47', 1, '9348', 0, 0, 'cust_test_5eb2d0tdaeqzxa83dp0', 0, '0000-00-00 00:00:00', 0, ''),
(51, '', NULL, '', '', '4444444444', '', '', '', '', '', '', 0, '2018-12-28 22:35:26', NULL, 0, '4767', 0, 0, NULL, 0, '0000-00-00 00:00:00', 0, ''),
(52, '', NULL, '', '', '0830196116', '', '', '', '', '', '', 0, '2019-01-01 15:24:33', NULL, 0, '8127', 0, 0, NULL, 0, '0000-00-00 00:00:00', 0, ''),
(53, '', NULL, '', '', '3333333998', '', '', '', '', '', '', 0, '2019-01-01 17:21:57', NULL, 0, '8361', 0, 0, NULL, 0, '0000-00-00 00:00:00', 0, ''),
(54, '', NULL, '', '', '6666666999', '', '', '', '', '', '', 0, '2019-01-01 17:26:03', NULL, 0, '5632', 0, 0, NULL, 0, '0000-00-00 00:00:00', 0, ''),
(55, '', NULL, '', '', '6666666666', '', '', '', '', '', '', 0, '2019-01-01 17:45:47', NULL, 0, '7815', 0, 0, NULL, 0, '0000-00-00 00:00:00', 0, ''),
(56, '', NULL, '', '', '0999999999', '', '', '', '', '', '', 0, '2019-01-01 17:50:21', NULL, 0, '8786', 0, 0, NULL, 0, '0000-00-00 00:00:00', 0, ''),
(57, '', NULL, '', '', '9096666666', '', '', '', '', '', '', 0, '2019-01-01 17:54:16', NULL, 0, '1520', 0, 0, NULL, 0, '0000-00-00 00:00:00', 0, ''),
(58, '', NULL, '', '', '9999999999', '', '', '', '', '', '', 0, '2019-01-01 18:02:23', NULL, 0, '4297', 0, 0, NULL, 0, '0000-00-00 00:00:00', 0, ''),
(59, '', NULL, '', '', '9096688666', '', '', '', '', '', '', 0, '2019-01-01 18:11:20', NULL, 0, '6388', 0, 0, NULL, 0, '0000-00-00 00:00:00', 0, ''),
(60, '', NULL, '', '', '0966666666', '', '', '', '', '', '', 0, '2019-01-01 18:14:31', NULL, 0, '3903', 0, 0, NULL, 0, '0000-00-00 00:00:00', 0, ''),
(61, '', NULL, '', '', '0969966666', '', '', '', '', '', '', 0, '2019-01-01 18:19:02', NULL, 0, '4148', 0, 0, NULL, 0, '0000-00-00 00:00:00', 0, ''),
(62, '', NULL, '', '', '0966699999', '', '', '', '', '', '', 0, '2019-01-01 18:30:43', NULL, 0, '7529', 0, 0, NULL, 0, '0000-00-00 00:00:00', 0, ''),
(63, '', NULL, '', '', '0968999999', '', '', '', '', '', '', 0, '2019-01-01 18:36:48', NULL, 0, '6171', 0, 0, NULL, 0, '0000-00-00 00:00:00', 0, ''),
(64, '', NULL, '', '', '0968996699', '', '', '', '', '', '', 0, '2019-01-01 18:41:35', NULL, 0, '9001', 0, 0, NULL, 0, '0000-00-00 00:00:00', 0, ''),
(65, '', NULL, '', '', '0999666666', '', '', '', '', '', '', 0, '2019-01-01 18:54:19', NULL, 0, '8160', 0, 0, NULL, 0, '0000-00-00 00:00:00', 0, ''),
(66, '', NULL, '', '', '0968566999', '', '', '', '', '', '', 0, '2019-01-01 18:57:14', NULL, 0, '5239', 0, 0, NULL, 0, '0000-00-00 00:00:00', 0, ''),
(67, '', NULL, '', '', '0985555555', '', '', '', '', '', '', 0, '2019-01-01 19:01:29', NULL, 0, '0323', 0, 0, NULL, 0, '0000-00-00 00:00:00', 0, ''),
(68, '', NULL, '', '', '0968569858', '', '', '', '', '', '', 0, '2019-01-03 11:27:45', NULL, 0, '7698', 0, 0, NULL, 0, '0000-00-00 00:00:00', 0, ''),
(69, '', NULL, '', '', '0917519355', '', '', '', '', '', '', 0, '2019-01-03 11:29:49', '2019-01-03 11:33:15', 1, '1073', 0, 0, 'cust_test_5egy4v5rok0xlxtpri5', 0, '0000-00-00 00:00:00', 0, ''),
(70, '', NULL, '', '', '9999866966', '', '', '', '', '', '', 0, '2019-01-03 13:51:54', NULL, 0, '3026', 0, 0, NULL, 0, '0000-00-00 00:00:00', 0, ''),
(71, 'Ppppppp ', 'Pp@hh.mm', '', '', '0988888888', '6da34a58ad8e60ccb0e3266cbdb89f5c', '', '', '', '', '', 0, '2019-01-03 14:28:45', '2019-01-03 17:36:17', 1, '5353', 0, 0, 'cust_test_5eh1onnrp90ep0xvyn3', 0, '0000-00-00 00:00:00', 0, ''),
(72, '', NULL, '', '', '3325865778', '', '', '', '', '', '', 0, '2019-01-03 22:16:20', NULL, 0, '3569', 0, 0, NULL, 0, '0000-00-00 00:00:00', 0, ''),
(73, '', NULL, '', '', '0666666666', '', '', '', '', '', '', 0, '2019-01-03 22:28:53', '2019-01-03 22:30:36', 1, '8909', 0, 0, 'cust_test_5eh4k9hifta2qr8medy', 0, '0000-00-00 00:00:00', 0, ''),
(74, '', NULL, '', '', '8888888888', '', '', '', '', '', '', 0, '2019-01-03 22:34:29', '2019-01-03 22:34:50', 1, '3749', 0, 0, 'cust_test_5eh4lr71t97fycbjfpn', 0, '0000-00-00 00:00:00', 0, ''),
(75, 'Kg H', 'hhhh@hh..com', '', '', '0777777777', 'fba8bd15b99ec714ea6c3e00bbce81ef', '', '', '', '', '', 0, '2019-01-03 22:38:23', '2019-01-03 22:49:19', 1, '6354', 0, 0, 'cust_test_5eh4n3u1p808kv228sk', 0, '0000-00-00 00:00:00', 0, ''),
(76, '', NULL, '', '', '0999999998', '', '', '', '', '', '', 0, '2019-01-03 22:39:37', '2019-01-03 22:39:49', 1, '8597', 0, 0, 'cust_test_5eh4nibtc5vaeymiwwr', 0, '0000-00-00 00:00:00', 0, ''),
(77, 'P M', 'pp@yy.mm', '', '', '0899999998', 'a0429151ec63c6dfa2fe2fff21b70ba1', '', '', '', '', '', 0, '2019-01-05 13:49:30', '2019-01-05 13:49:41', 1, '5572', 0, 0, 'cust_test_5ehrmpgiocxluxzw8aj', 0, '0000-00-00 00:00:00', 0, ''),
(78, 'P O', 'Km@mm.nn', '', '', '0899999993', '25a44e824d24494609559eb458c693dd', '', '', '', '', '', 0, '2019-01-05 14:06:28', '2019-01-05 14:13:58', 1, '7386', 0, 0, 'cust_test_5ehrspcjdz5pvzr7at2', 0, '0000-00-00 00:00:00', 0, ''),
(79, '', NULL, '', '', '0899999991', '', '', '', '', '', '', 0, '2019-01-05 22:55:51', '2019-01-05 22:56:41', 1, '0405', 0, 0, 'cust_test_5ehwz9g3kckz88leepj', 0, '0000-00-00 00:00:00', 0, ''),
(80, 'T G', 'pp@mm.bb', '', '', '0899999992', 'c46abe69e3bf80a97efec0b8bc9ad438', '', '', '', '', '', 0, '2019-01-05 23:06:26', '2019-01-05 23:06:39', 1, '2259', 0, 0, 'cust_test_5ehx2rotws6bsm7h1vd', 0, '0000-00-00 00:00:00', 0, ''),
(81, ' ', 'yy@mm.cc', '', '', '0899999997', '829a149bd168115b4616ed1f6a474450', '', '', '', '', '', 0, '2019-01-05 23:10:19', '2019-01-05 23:10:27', 1, '8964', 0, 0, 'cust_test_5ehx43xodynyp0i83nt', 0, '0000-00-00 00:00:00', 0, ''),
(82, ' ', 'yy@nnm.mm', '', '', '0899999994', '603b636d8691e4d71e6f8c8b3504701b', '', '', '', '', '', 0, '2019-01-05 23:17:05', '2019-01-05 23:17:16', 1, '2830', 0, 0, 'cust_test_5ehx6i507ppgbt7ek5e', 0, '0000-00-00 00:00:00', 0, ''),
(83, ' ', 'yy@nn.bb', '', '', '0899999902', 'c46abe69e3bf80a97efec0b8bc9ad438', '', '', '', '', '', 0, '2019-01-05 23:22:16', '2019-01-05 23:22:28', 1, '8484', 0, 0, 'cust_test_5ehx8c5jb0ywhp8fuc7', 0, '0000-00-00 00:00:00', 0, ''),
(84, ' ', 'pp@nn.mm', '', '', '0899999922', '603b636d8691e4d71e6f8c8b3504701b', '', '', '', '', '', 0, '2019-01-05 23:27:34', '2019-01-05 23:27:44', 1, '1353', 0, 0, 'cust_test_5ehxa6ssvs93wzpgydl', 0, '0000-00-00 00:00:00', 0, ''),
(85, 'Ff Gg', 'ggggg@nn.mm', '', '', '0899999933', '1d0b28fc835e3a1c5a44d555c4dab20c', '', '', '', '', '', 0, '2019-01-05 23:37:16', '2019-01-05 23:37:27', 1, '7913', 0, 0, 'cust_test_5ehxdlzoknc0uzyta13', 0, '0000-00-00 00:00:00', 0, ''),
(86, 'Hhh K', 'gg@nn.nn', '', '', '0899999900', '603b636d8691e4d71e6f8c8b3504701b', '', '', '', '', '', 0, '2019-01-05 23:43:27', '2019-01-05 23:43:38', 1, '3021', 0, 0, 'cust_test_5ehxfsf3b05ii6p3jzc', 0, '0000-00-00 00:00:00', 0, ''),
(87, '', NULL, '', '', '0899999901', '', '', '', '', '', '', 0, '2019-01-05 23:50:11', '2019-01-05 23:50:22', 1, '0008', 0, 0, 'cust_test_5ehxi5lydvlvbs8hhp8', 0, '0000-00-00 00:00:00', 0, ''),
(88, '', NULL, '', '', '0899999910', '', '', '', '', '', '', 0, '2019-01-05 23:55:55', '2019-01-05 23:56:07', 1, '8905', 0, 0, 'cust_test_5ehxk6mhp3zqqkzsd37', 0, '0000-00-00 00:00:00', 0, ''),
(89, '', NULL, '', '', '0899999920', '', '', '', '', '', '', 0, '2019-01-05 23:58:18', '2019-01-05 23:58:28', 1, '2269', 0, 0, 'cust_test_5ehxl0atb3iofzsi6vj', 0, '0000-00-00 00:00:00', 0, ''),
(90, '', NULL, '', '', '0898888880', '', '', '', '', '', '', 0, '2019-01-06 00:06:14', '2019-01-06 00:06:24', 1, '9799', 0, 0, 'cust_test_5ehxnsws0k442u2uplp', 0, '0000-00-00 00:00:00', 0, ''),
(91, '', NULL, '', '', '0888888800', '', '', '', '', '', '', 0, '2019-01-06 00:10:30', '2019-01-06 00:10:41', 1, '0232', 0, 0, 'cust_test_5ehxpb5ajfcj1fygcie', 0, '0000-00-00 00:00:00', 0, ''),
(92, '', NULL, '', '', '0898888888', '', '', '', '', '', '', 0, '2019-01-06 00:13:39', '2019-01-06 00:13:49', 1, '9495', 0, 0, 'cust_test_5ehxqey9odjwdb4omrz', 0, '0000-00-00 00:00:00', 0, ''),
(93, '', NULL, '', '', '0896666666', '', '', '', '', '', '', 0, '2019-01-06 00:16:27', '2019-01-06 00:16:37', 1, '2135', 0, 0, 'cust_test_5ehxre9id09wpzdrlx8', 0, '0000-00-00 00:00:00', 0, ''),
(94, '', NULL, '', '', '0895555555', '', '', '', '', '', '', 0, '2019-01-06 00:20:17', '2019-01-06 00:20:28', 1, '3546', 0, 0, 'cust_test_5ehxsr5cahm4szxwfq8', 0, '0000-00-00 00:00:00', 0, ''),
(95, 'Hh Yy', 'gg@nn.mm', '', '', '0893333333', '52e297eadff44c1c98c691eda023837e', '', '', '', '', '', 0, '2019-01-06 00:24:12', '2019-01-06 00:24:21', 1, '3041', 0, 0, 'cust_test_5ehxu4f5dn159mfuj96', 0, '0000-00-00 00:00:00', 0, ''),
(96, 'Qqq Wwww', 'pp@mm.nn', '', '20190106122652417.jpeg', '0917519305', 'db2bce0cdc600443029fef63ac713747', '', '', '', '', '', 0, '2019-01-06 00:25:52', '2019-01-07 14:34:03', 1, '8250', 0, 0, 'cust_test_5ehxurljeo311a3660m', 0, '0000-00-00 00:00:00', 0, ''),
(97, 'A K', 'jj@bbc.com', '', '', '0877777777', '0ee86332d54e0aa29cde3a5dfa235c25', '', '', '', '', '', 0, '2019-01-07 15:11:25', '2019-01-07 15:12:45', 1, '1493', 0, 0, 'cust_test_5eiklrhdyggjzs305s4', 0, '0000-00-00 00:00:00', 0, ''),
(98, 'U OP', 'u@d.com', '', '20190107032807158.jpeg', '0933333333', '0ee86332d54e0aa29cde3a5dfa235c25', '', '', '', '', '', 0, '2019-01-07 15:23:44', '2019-01-07 15:25:07', 1, '9662', 0, 0, 'cust_test_5eikq42zoz91smme5mp', 0, '0000-00-00 00:00:00', 0, ''),
(99, '', NULL, '', '', '0933333334', '', '', '', '', '', '', 0, '2019-01-07 15:24:08', NULL, 0, '5903', 0, 0, NULL, 0, '0000-00-00 00:00:00', 0, ''),
(100, '', NULL, '', '', '0909851355', '', '', '', '', '', '', 0, '2019-01-07 15:48:23', NULL, 0, '0178', 0, 0, NULL, 0, '0000-00-00 00:00:00', 0, ''),
(101, '', NULL, '', '', '0909861369', '', '', '', '', '', '', 0, '2019-01-08 18:35:16', NULL, 0, '4859', 0, 0, NULL, 0, '0000-00-00 00:00:00', 0, ''),
(102, 'ส ล', 'p@dd.com', '', '20190108064043369.jpeg', '0909855555', '0ee86332d54e0aa29cde3a5dfa235c25', '', '', '', '', '', 0, '2019-01-08 18:39:25', '2019-01-09 00:06:10', 1, '3459', 0, 1, 'cust_test_5ej0pj75qftdk5zqp8j', 0, '0000-00-00 00:00:00', 0, ''),
(103, 'ส ล', 'hh@nk.com', '', '20190109121837564.jpeg', '0555555555', '0ee86332d54e0aa29cde3a5dfa235c25', '', '', '', '', '', 0, '2019-01-09 00:14:44', '2019-01-09 00:15:02', 1, '3706', 0, 0, 'cust_test_5ej3zkaceku1jym95t4', 0, '0000-00-00 00:00:00', 0, ''),
(104, '', NULL, '', '', '0999988888', '', '', '', '', '', '', 0, '2019-01-09 10:15:51', NULL, 0, '6335', 0, 0, NULL, 0, '0000-00-00 00:00:00', 0, '');

--
-- Indexes for dumped tables
--

--
-- Indexes for table `features`
--
ALTER TABLE `features`
  ADD PRIMARY KEY (`fea_id`);

--
-- Indexes for table `income`
--
ALTER TABLE `income`
  ADD PRIMARY KEY (`id`);

--
-- Indexes for table `login_log`
--
ALTER TABLE `login_log`
  ADD PRIMARY KEY (`id`);

--
-- Indexes for table `maintenance`
--
ALTER TABLE `maintenance`
  ADD PRIMARY KEY (`id`);

--
-- Indexes for table `omise_log`
--
ALTER TABLE `omise_log`
  ADD PRIMARY KEY (`id`);

--
-- Indexes for table `order`
--
ALTER TABLE `order`
  ADD PRIMARY KEY (`id`);

--
-- Indexes for table `page`
--
ALTER TABLE `page`
  ADD PRIMARY KEY (`id`);

--
-- Indexes for table `payment`
--
ALTER TABLE `payment`
  ADD PRIMARY KEY (`id`);

--
-- Indexes for table `payment_method`
--
ALTER TABLE `payment_method`
  ADD PRIMARY KEY (`id`);

--
-- Indexes for table `place`
--
ALTER TABLE `place`
  ADD PRIMARY KEY (`id`);

--
-- Indexes for table `user`
--
ALTER TABLE `user`
  ADD PRIMARY KEY (`id`);

--
-- AUTO_INCREMENT for dumped tables
--

--
-- AUTO_INCREMENT for table `features`
--
ALTER TABLE `features`
  MODIFY `fea_id` int(11) NOT NULL AUTO_INCREMENT, AUTO_INCREMENT=6;

--
-- AUTO_INCREMENT for table `income`
--
ALTER TABLE `income`
  MODIFY `id` bigint(20) NOT NULL AUTO_INCREMENT, AUTO_INCREMENT=4;

--
-- AUTO_INCREMENT for table `login_log`
--
ALTER TABLE `login_log`
  MODIFY `id` bigint(20) NOT NULL AUTO_INCREMENT, AUTO_INCREMENT=1089;

--
-- AUTO_INCREMENT for table `maintenance`
--
ALTER TABLE `maintenance`
  MODIFY `id` tinyint(1) NOT NULL AUTO_INCREMENT, AUTO_INCREMENT=2;

--
-- AUTO_INCREMENT for table `omise_log`
--
ALTER TABLE `omise_log`
  MODIFY `id` bigint(20) NOT NULL AUTO_INCREMENT, AUTO_INCREMENT=39;

--
-- AUTO_INCREMENT for table `order`
--
ALTER TABLE `order`
  MODIFY `id` bigint(20) NOT NULL AUTO_INCREMENT, AUTO_INCREMENT=217;

--
-- AUTO_INCREMENT for table `page`
--
ALTER TABLE `page`
  MODIFY `id` int(11) NOT NULL AUTO_INCREMENT, AUTO_INCREMENT=5;

--
-- AUTO_INCREMENT for table `payment`
--
ALTER TABLE `payment`
  MODIFY `id` bigint(20) NOT NULL AUTO_INCREMENT, AUTO_INCREMENT=50;

--
-- AUTO_INCREMENT for table `payment_method`
--
ALTER TABLE `payment_method`
  MODIFY `id` int(11) NOT NULL AUTO_INCREMENT, AUTO_INCREMENT=53;

--
-- AUTO_INCREMENT for table `place`
--
ALTER TABLE `place`
  MODIFY `id` bigint(20) NOT NULL AUTO_INCREMENT, AUTO_INCREMENT=42;

--
-- AUTO_INCREMENT for table `user`
--
ALTER TABLE `user`
  MODIFY `id` int(11) NOT NULL AUTO_INCREMENT, AUTO_INCREMENT=105;
COMMIT;

/*!40101 SET CHARACTER_SET_CLIENT=@OLD_CHARACTER_SET_CLIENT */;
/*!40101 SET CHARACTER_SET_RESULTS=@OLD_CHARACTER_SET_RESULTS */;
/*!40101 SET COLLATION_CONNECTION=@OLD_COLLATION_CONNECTION */;
